0.001869769,0.001863117,0.001752128,0.001862707,0.001895324,0.001746447,0.001649364,0.001886309,0.001687358,0.001957261,0.001758901,0.001909159,0.001912742,0.001719433,0.001817359,0.001926991,0.002101242,0.002011284,0.00182769,0.00181375,0.002347926,0.00240834,0.002718918,0.002750612,0.002611159,0.002691885,0.002718175,0.002941934,0.002773551,0.003357013,0.003207834,0.003720908,0.003447227,0.003472939,0.004704294,0.004931275,0.00490991,0.00589753,0.005775653,0.006946377,0.007188376,0.007601842,0.007530115,0.008203488,0.008066273,0.007931346,0.008614502,0.008111786,0.008567471,0.008500419,0.009125357,0.009632158,0.01004998,0.009492069,0.01032825,0.01045773,0.0105652,0.01100446,0.01209799,0.01183655,0.01122268,0.01265986,0.01335889,0.01454979,0.01472958,0.01735715,0.01720735,0.01890913,0.01993861,0.02032465,0.02123041,0.02178969,0.02243559,0.001948586,0.001820756
0.001792623,0.001747426,0.002007947,0.001804033,0.00171823,0.002843191,0.003206765,0.003273293,0.004735734,0.004972614,0.005845246,0.00583621,0.005668378,0.006300737,0.002731284,0.002427005,0.002752865,0.003245376,0.00284046,0.004769055,0.00447996,0.004933831,0.004772571,0.004342632,0.005858798,0.006029237,0.005582194,0.005634399,0.006171207,0.008121612,0.00753423,0.008004193,0.008048591,0.009285588,0.008697554,0.003208832,0.003153439,0.004780089,0.004358352,0.00439822,0.004445684,0.006027261,0.005750353,0.006170939,0.006110243,0.005894321,0.007358601,0.007296825,0.008107519,0.008079598,0.007642884,0.009248135,0.008746609,0.009288682,0.009252473,0.01093784,0.01119231,0.005022023,0.004770538,0.003268713,0.003496009,0.003916243,0.003866864,0.00389495,0.006233091,0.00604112,0.006070968,0.005763156,0.007801525,0.01072444,0.01181023,0.01434548,0.01396594,0.001953568,0.001837506
0.002314681,0.002698531,0.002462612,0.003894022,0.003942067,0.003868861,0.003992474,0.003597817,0.0039071,0.003918114,0.003767913,0.00391594,0.003986533,0.003945657,0.004008179,0.003639356,0.004208575,0.003477029,0.00381937,0.003874619,0.003484047,0.003457288,0.003352142,0.003246995,0.003141848,0.003036702,0.002931555,0.008795028,0.008361225,0.00826288,0.008222115,0.008068989,0.007948478,0.008043482,0.008306267,0.008250639,0.008071919,0.008101341,0.008175697,0.009413607,0.009438774,0.009164692,0.009278857,0.009179454,0.009200157,0.01036777,0.01016364,0.01021239,0.009684475,0.01004912,0.01045072,0.01039883,0.01026554,0.01030639,0.01158437,0.01083694,0.01154812,0.01142217,0.01317859,0.01242915,0.01300827,0.01313008,0.01385783,0.01402739,0.0143806,0.01472716,0.01424035,0.01492388,0.01613026,0.016988073,0.017933028,0.018877983,0.019822938,0.001795056,0.001831122
0.001867331,0.001614981,0.002806846,0.002727972,0.002580234,0.002727489,0.002866273,0.003158852,0.00359252,0.003560398,0.003761711,0.004455337,0.00472687,0.004626428,0.004326517,0.005592348,0.00624103,0.006129558,0.006132341,0.00605768,0.006599883,0.006622992,0.006746508,0.007168681,0.007237094,0.007212217,0.006732965,0.007060701,0.007469025,0.0070062,0.007930715,0.007443191,0.007793455,0.007643894,0.007108845,0.007212201,0.007297855,0.007622715,0.007541801,0.007171441,0.007564711,0.00824606,0.007743783,0.007621095,0.008267354,0.007682021,0.007903153,0.00810548,0.008176762,0.008252662,0.008502966,0.007575329,0.007778855,0.00837807,0.00833048,0.008250115,0.008392813,0.009274601,0.009199239,0.008598378,0.009286433,0.009795071,0.00935692,0.009897831,0.01022937,0.01045366,0.01041306,0.01146932,0.01101124,0.01151398,0.01145796,0.01245049,0.01292357,0.001866127,0.00153534
0.001847716,0.001880661,0.001873091,0.001746456,0.001852028,0.001927911,0.00188901,0.001909249,0.001903046,0.002011772,0.001851474,0.002771002,0.002631613,0.002311716,0.002414769,0.002721155,0.003888066,0.004904418,0.005025005,0.006068043,0.006068279,0.008078367,0.007955656,0.007118272,0.006500511,0.00700789,0.007068405,0.006559784,0.00520377,0.005358764,0.004354712,0.004647729,0.005704665,0.005477909,0.005806847,0.006678288,0.00627096,0.007461479,0.007577709,0.007221166,0.007476985,0.00885048,0.008675094,0.008740824,0.008637866,0.009328019,0.009412808,0.01037484,0.01019038,0.01074704,0.01086851,0.01147782,0.0119479,0.01266806,0.01179335,0.0137649,0.01352221,0.01393658,0.01335174,0.01417753,0.01495586,0.01489781,0.01655421,0.01585647,0.01596709,0.01641051,0.01747895,0.0173928,0.01787618,0.01931475,0.01936859,0.01912999,0.02095898,0.00183488,0.00190334
0.002136545,0.002449625,0.002504762,0.002624455,0.003165774,0.003198136,0.00353347,0.003904468,0.00360446,0.004736551,0.004731852,0.004787844,0.005224789,0.005191984,0.005253565,0.005251764,0.005612733,0.005981207,0.005458985,0.006042123,0.00561805,0.005709318,0.005942844,0.00548027,0.006549393,0.006977574,0.006424446,0.006851251,0.006648699,0.006387615,0.006341114,0.006667682,0.007042128,0.007552798,0.007838526,0.007508229,0.007631183,0.007006346,0.007663327,0.007569678,0.00698832,0.007522504,0.007570618,0.007666913,0.006979533,0.007048495,0.007603361,0.007258832,0.009216155,0.008769931,0.009151343,0.00872392,0.009141412,0.01023826,0.01013804,0.01015481,0.009940793,0.009601211,0.01007305,0.01004957,0.01077157,0.01086279,0.01136502,0.01071025,0.008704458,0.00833189,0.008715472,0.00867568,0.01009681,0.01015848,0.01007558,0.01086227,0.01094528,0.001733048,0.001896659
0.001894303,0.001567279,0.001843449,0.001806508,0.001804849,0.001846944,0.002155398,0.002409724,0.002313067,0.00225051,0.002374253,0.002411033,0.002430847,0.00231115,0.002231503,0.002354565,0.002279845,0.002795865,0.003217062,0.00322829,0.002832644,0.002919255,0.003129045,0.003151531,0.00313375,0.002866052,0.002901062,0.003216595,0.003160328,0.002877243,0.003101204,0.003085542,0.00289921,0.003170578,0.003210996,0.003092915,0.004621597,0.004664057,0.004818011,0.005784552,0.006012422,0.007988158,0.008000708,0.007878314,0.007955587,0.009361595,0.009253738,0.008853514,0.008725557,0.00943788,0.009358458,0.009377075,0.008858809,0.008843265,0.009076744,0.009637913,0.01034242,0.009932614,0.0103329,0.01005041,0.01033806,0.01074095,0.01165926,0.01156542,0.01177486,0.01170861,0.01132894,0.01190914,0.01227498,0.01218468,0.0126481,0.01391304,0.01403859,0.001833333,0.001594585
0.001946699,0.001781491,0.001908598,0.001853905,0.001667126,0.001626864,0.001748844,0.001912633,0.001656794,0.001823579,0.002048032,0.002390418,0.002709989,0.002625416,0.002715487,0.002817209,0.002465359,0.002499773,0.002455076,0.002711567,0.002511565,0.002419535,0.002918577,0.003212231,0.002855908,0.00286063,0.004811347,0.00469677,0.004883912,0.004392016,0.004482358,0.004681817,0.004657305,0.006098094,0.006164587,0.005581845,0.006067311,0.006155785,0.00561505,0.005895764,0.006199983,0.005756609,0.006126558,0.006076092,0.00560787,0.006019861,0.006784434,0.006899254,0.006860237,0.007790005,0.007953173,0.007625127,0.008695441,0.00875604,0.008555139,0.007460972,0.007341871,0.008726932,0.008695632,0.006446274,0.006663881,0.00667594,0.007211603,0.006931053,0.008642376,0.008584295,0.01025055,0.01042217,0.009561522,0.01092977,0.01071618,0.01095754,0.01062741,0.001823834,0.001837783
0.001844678,0.00192311,0.001877953,0.001883663,0.001815385,0.002278236,0.002753198,0.002752491,0.003138282,0.002972608,0.003176522,0.002798769,0.002875345,0.002990587,0.00305573,0.002912465,0.00322469,0.00291215,0.002920864,0.003205318,0.003216754,0.003210691,0.002870166,0.003140462,0.003202231,0.004644843,0.004850787,0.004824428,0.004868398,0.004751849,0.00428937,0.004806913,0.004787278,0.004740563,0.004709273,0.006573454,0.006852751,0.006417629,0.007076772,0.006539395,0.006636192,0.007065264,0.006790735,0.006605922,0.00693166,0.006423431,0.006308518,0.007422525,0.007575613,0.007638877,0.008136657,0.007455296,0.008062955,0.008047306,0.007947975,0.008046513,0.007868662,0.007925074,0.007311822,0.008978513,0.00887497,0.008697233,0.008801308,0.008878337,0.0089114,0.009188582,0.009066257,0.008356829,0.008984575,0.008401887,0.008787182,0.008944911,0.008321258,0.001831541,0.001632942
0.001845339,0.001669286,0.002446983,0.002673819,0.002769269,0.002689028,0.002768901,0.002483346,0.002407938,0.002806349,0.002731194,0.002510425,0.00268337,0.002600234,0.002451181,0.00275131,0.002743183,0.002619755,0.002601164,0.00362448,0.00353523,0.003404499,0.003769527,0.003976094,0.00360373,0.003858903,0.003842216,0.003445302,0.003588525,0.00371439,0.003495022,0.003909639,0.003940119,0.00394125,0.003783331,0.003876743,0.003935575,0.003919342,0.003693136,0.006098596,0.00570042,0.006049241,0.005615129,0.005837176,0.005922932,0.005785017,0.006162156,0.005680003,0.007331522,0.007736741,0.008103351,0.007707638,0.007448025,0.007332538,0.007961378,0.008041277,0.007387259,0.007670486,0.007927564,0.00789806,0.007953951,0.007907339,0.007573009,0.007371938,0.007665248,0.007961831,0.008046003,0.007806988,0.00781888,0.008011315,0.007896458,0.009880325,0.01037039,0.01078298,0.01079165
0.0108589,0.001887942,0.001932152,0.001929926,0.001773794,0.001810632,0.001610783,0.003264563,0.003321257,0.003596422,0.0036021,0.003533415,0.003278604,0.003311988,0.00325999,0.00358966,0.003534386,0.003687008,0.003308821,0.005028804,0.004663569,0.004944826,0.00457144,0.004982907,0.004962384,0.004985186,0.004874879,0.004744571,0.005905128,0.005457785,0.005854739,0.005906197,0.005681224,0.005876866,0.00623783,0.006216201,0.006271375,0.006413787,0.005940714,0.005994998,0.006294429,0.006169461,0.006873286,0.007160841,0.008425685,0.007968514,0.008072495,0.00835097,0.009504925,0.009576657,0.009620501,0.009966934,0.009818856,0.009592716,0.00912076,0.009546011,0.009533998,0.009186519,0.008864746,0.009455618,0.009766327,0.009916328,0.01047311,0.01055952,0.0103754,0.009880902,0.01011988,0.01089315,0.01115394,0.01137665,0.01133488,0.01240595,0.01294845,0.01315132,0.01347498
0.01325691,0.001857461,0.001837903,0.001941913,0.001836188,0.001983839,0.001757351,0.001858689,0.001886652,0.00188311,0.002391014,0.002313815,0.002148611,0.002431479,0.002222594,0.002528303,0.002588337,0.002572999,0.002574773,0.002670097,0.002523798,0.002844502,0.002752713,0.003146902,0.002872889,0.003953757,0.003934073,0.00412482,0.003970479,0.003958419,0.003888904,0.003993096,0.003674242,0.003736344,0.004590384,0.005010612,0.004605189,0.004859593,0.004857486,0.004539,0.004829573,0.004811756,0.005009402,0.004925119,0.004923164,0.004937228,0.004547441,0.004661981,0.004903756,0.004877943,0.004804196,0.004899546,0.004994896,0.00798616,0.005483899,0.005251835,0.004617824,0.005329071,0.005566668,0.00524501,0.005642638,0.005508571,0.00557306,0.006358363,0.006027041,0.006253608,0.006262846,0.005922793,0.007177581,0.007207693,0.006980553,0.007192816,0.008702849,0.008780568,0.009453967
0.0096878,0.001832891,0.001845456,0.001868299,0.002448478,0.00222682,0.002449611,0.002352786,0.002457907,0.002103111,0.002403888,0.002297842,0.002996346,0.002858096,0.00320105,0.003231351,0.00317775,0.002897987,0.003041727,0.00315378,0.003984117,0.003591496,0.004848527,0.005467648,0.00562369,0.006277205,0.00594432,0.005870468,0.006579241,0.005993725,0.006239504,0.007196764,0.006804413,0.006912587,0.007124951,0.007086684,0.006889114,0.007204422,0.007302561,0.006718866,0.007905656,0.008234898,0.008465336,0.00804597,0.008084466,0.008194701,0.008339137,0.008594093,0.008947061,0.008684306,0.008955094,0.008983314,0.008916336,0.0088028,0.009076613,0.008659613,0.008738831,0.008963875,0.00894927,0.009581693,0.009621084,0.009508268,0.009648399,0.009523937,0.00956382,0.01026241,0.01006295,0.01002819,0.009622788,0.01075158,0.01075109,0.01001914,0.01011916,0.009938454,0.01022557
0.01018952,0.001934005,0.001863778,0.001913526,0.00188777,0.001699611,0.00175122,0.001772114,0.001823252,0.001835215,0.001930298,0.002876058,0.00245881,0.002524163,0.002628277,0.002437611,0.002504796,0.002705422,0.00312836,0.00307624,0.003294623,0.003185241,0.003183173,0.002939981,0.003021198,0.003239968,0.003384376,0.00325163,0.003624955,0.003972839,0.003937342,0.004035998,0.00395571,0.003946089,0.003699763,0.003984253,0.003903419,0.003764475,0.003705569,0.004971729,0.004789696,0.004891284,0.004577828,0.004971528,0.004509085,0.005073714,0.004925075,0.004935401,0.004869463,0.004618453,0.004484638,0.006367661,0.005807248,0.006255555,0.006291122,0.005781448,0.006266023,0.006285262,0.007232288,0.006915375,0.007309141,0.007136528,0.007198309,0.007098173,0.007210648,0.00730463,0.007175424,0.007199781,0.007028055,0.007009601,0.00704439,0.007218729,0.007286409,0.008441687,0.008113874
0.008284081,0.001859995,0.001750698,0.001835547,0.001954703,0.001804348,0.001836975,0.00187957,0.002453015,0.00241621,0.002300328,0.002612708,0.003811167,0.004901004,0.005607354,0.005392125,0.005495123,0.005637477,0.005436934,0.005551577,0.00590924,0.006245801,0.006120434,0.006267846,0.006269254,0.006311068,0.006822458,0.006768228,0.006369759,0.006729071,0.006860755,0.006671568,0.006778306,0.006979668,0.006789939,0.006428765,0.006766911,0.006603508,0.006903219,0.006670994,0.006475494,0.006872779,0.006905519,0.006834563,0.007000985,0.007344072,0.007352898,0.008121509,0.008040651,0.007995445,0.008076482,0.008832476,0.00903455,0.008544251,0.008991161,0.008559342,0.008509093,0.01014054,0.01012679,0.009600319,0.009860511,0.009844688,0.009820486,0.00984582,0.01076821,0.0101127,0.01055977,0.01017863,0.01067785,0.01029177,0.01061972,0.009117133,0.00838684,0.008864065,0.009094747
0.008782161,0.001944679,0.001921828,0.001920384,0.001830653,0.001672908,0.001907583,0.001829432,0.001923863,0.001928431,0.001783202,0.001688124,0.001828777,0.001786974,0.001863487,0.001829389,0.001894953,0.001831481,0.001819589,0.001950111,0.001904941,0.001905529,0.001925968,0.001685765,0.001657853,0.001733047,0.002761026,0.002770545,0.002500865,0.002715976,0.002816993,0.002719276,0.002798824,0.002521997,0.00277601,0.002827026,0.003058485,0.002973143,0.003779005,0.00400319,0.003948573,0.004073572,0.003757735,0.004025566,0.004103667,0.003981481,0.003616712,0.003989778,0.004403553,0.004790007,0.00494966,0.004537649,0.004773067,0.004797516,0.004805052,0.004541796,0.006292257,0.006376036,0.006282208,0.007388135,0.007506208,0.008189374,0.008411028,0.008619763,0.00802143,0.008390298,0.009031505,0.009015086,0.009174171,0.009528593,0.01014993,0.01012146,0.01007102,0.0108881,0.01079599
0.01082356,0.001873619,0.001918041,0.001871563,0.001791056,0.001806927,0.001943204,0.001945576,0.001916802,0.002014301,0.001751393,0.001908085,0.001923267,0.001908436,0.001820816,0.001930903,0.001958779,0.001866745,0.001830671,0.001925529,0.001750913,0.001924649,0.001899396,0.001713916,0.001721459,0.001954057,0.001903881,0.001903309,0.002223514,0.002224438,0.002295051,0.00212802,0.002383171,0.002314996,0.002361476,0.002488327,0.003177754,0.002962393,0.003038331,0.003242256,0.003207834,0.003264358,0.003153061,0.003207931,0.002974696,0.003220576,0.003292484,0.002980138,0.003281364,0.004473031,0.004651155,0.006029292,0.006243232,0.006029323,0.006104289,0.00627044,0.00699068,0.007298572,0.007388677,0.006799254,0.006801269,0.006944803,0.007227848,0.008149354,0.007920943,0.007959135,0.007996948,0.008132564,0.008032644,0.008992808,0.01027574,0.0101687,0.01051976,0.01010791,0.009823292
0.0104228,0.001948994,0.001922982,0.001754093,0.001882902,0.00233652,0.002303618,0.002313666,0.002322562,0.002758118,0.002463549,0.00283588,0.003228843,0.003218795,0.004572234,0.004955625,0.004838257,0.005616042,0.005574754,0.00564649,0.005843422,0.005919396,0.006192229,0.005748914,0.005858572,0.006858118,0.006569361,0.006810985,0.00695003,0.007253892,0.007878342,0.007725662,0.007729064,0.00850649,0.008082221,0.007965842,0.00856633,0.008456361,0.00848568,0.008024706,0.008587186,0.008496602,0.009132595,0.009190918,0.009313765,0.009427893,0.009241164,0.009196803,0.008731335,0.008812199,0.009183013,0.009011699,0.008984891,0.009408875,0.009367899,0.009382308,0.009871369,0.01004552,0.009847356,0.009478,0.01021433,0.00967878,0.01020038,0.01010601,0.008136999,0.008266862,0.007367057,0.007600415,0.007880173,0.007977299,0.008037241,0.007881598,0.008725402,0.008350608,0.008934492
0.008509851,0.001962916,0.001723102,0.001953736,0.001684496,0.001745868,0.001892339,0.001864483,0.001940257,0.001769404,0.001781712,0.001900505,0.001904179,0.00193591,0.001619085,0.001772899,0.001902512,0.001924308,0.001687166,0.001805193,0.001853744,0.001924895,0.001946543,0.001689556,0.001872161,0.001857725,0.001903773,0.001887849,0.002083804,0.001704106,0.001882105,0.001743574,0.001946587,0.001962067,0.001972093,0.001940609,0.001901498,0.001903877,0.001728357,0.002995662,0.00288472,0.003230239,0.003947258,0.003970621,0.004832913,0.004991117,0.00497708,0.005646798,0.00549493,0.005549681,0.005990043,0.005767203,0.006112673,0.006067496,0.006511218,0.006841355,0.00690169,0.00687601,0.007243831,0.0072408,0.007790806,0.007535617,0.00726975,0.00811604,0.008101621,0.007620798,0.007874846,0.008044772,0.007687961,0.00805087,0.008707229,0.008671927,0.008631403,0.008988518,0.009050862
0.008974676,0.001897207,0.001942797,0.001815354,0.001598342,0.002467277,0.002166153,0.002889691,0.002746867,0.002550532,0.002798974,0.00287597,0.002635787,0.002762469,0.00326609,0.003416359,0.003958051,0.003926905,0.006326054,0.006411742,0.007111986,0.007291583,0.007939002,0.007699859,0.007970046,0.008103998,0.008818291,0.008702341,0.008780017,0.008296984,0.008794275,0.009319106,0.009224394,0.009338318,0.008797159,0.009338553,0.009283466,0.009292306,0.009334574,0.008751903,0.009197169,0.008705433,0.00725934,0.006768645,0.007308308,0.006303115,0.006498391,0.005766994,0.005324808,0.005694019,0.005926942,0.006034751,0.007093675,0.007479825,0.00824817,0.008441619,0.008641168,0.00892406,0.0088086,0.008901336,0.009334865,0.008343511,0.007873706,0.007827382,0.007763854,0.007122896,0.007163106,0.007548378,0.007540752,0.007274799,0.007045003,0.007620085,0.007425749,0.007237707,0.007351511
0.001955937,0.001946054,0.001957709,0.002388115,0.002516534,0.002468166,0.00224918,0.002457296,0.00219092,0.002490207,0.002433916,0.002379391,0.002501071,0.002493099,0.002372091,0.002300946,0.002194706,0.002190385,0.002381764,0.002407309,0.003405522,0.002922877,0.003229742,0.003046255,0.003007364,0.002923648,0.003326779,0.0030909,0.003059189,0.003295501,0.003315459,0.003274286,0.003428454,0.00396365,0.004881759,0.004700455,0.00469768,0.00491522,0.004885752,0.004503537,0.004653009,0.004640042,0.005025446,0.004841341,0.00481225,0.00493314,0.004916305,0.00586945,0.00623379,0.006262377,0.005940297,0.006246737,0.00620868,0.005902206,0.006223129,0.005838444,0.006211655,0.006044699,0.006177232,0.006333743,0.00628491,0.007382576,0.007063054,0.007310882,0.007321648,0.007322292,0.007147921,0.007141304,0.007328136,0.006835101,0.006707996,0.006811664,0.00763243,0.007288748,0.007265668
0.003366037,0.001922236,0.001971015,0.001945638,0.001783924,0.0018621,0.001960112,0.00181857,0.001891449,0.00200583,0.001823007,0.002025478,0.001876122,0.001783726,0.00172012,0.001629412,0.001864596,0.002353221,0.00243672,0.00240769,0.00246767,0.002199537,0.002427166,0.003117009,0.003287267,0.00327625,0.003313648,0.00316325,0.003220498,0.003186671,0.003366492,0.003251653,0.003888611,0.003976058,0.003921495,0.00383395,0.003775225,0.003705573,0.003948748,0.004029444,0.004079278,0.00359216,0.004575104,0.005010073,0.004545738,0.004932811,0.004867374,0.004995956,0.00459733,0.004562835,0.004830077,0.005022807,0.005048937,0.006305063,0.006250332,0.006453913,0.006422273,0.006299094,0.005951286,0.006204663,0.00622324,0.007184164,0.007280514,0.00675609,0.007153269,0.007127887,0.008108214,0.008025117,0.007626419,0.007632314,0.00749729,0.007489199,0.008047157,0.007788671,0.008133637
0.001727765,0.001850074,0.001779442,0.001961637,0.004057637,0.003840521,0.003596648,0.004954909,0.004912542,0.004618831,0.005752102,0.005466579,0.005743936,0.006411507,0.005963532,0.006317433,0.006334298,0.00622029,0.006225809,0.006232186,0.007362119,0.006743706,0.007144489,0.007189086,0.006758904,0.007174601,0.007306336,0.007258805,0.007270382,0.007243195,0.007198884,0.007360609,0.007300211,0.006816989,0.007182512,0.007012426,0.007276241,0.006760357,0.007163882,0.007187324,0.007099058,0.007260761,0.007169203,0.007441705,0.007588896,0.008337472,0.008402344,0.008227467,0.008762956,0.008282788,0.008797789,0.009014413,0.009526108,0.009570382,0.009075741,0.008458504,0.008701868,0.008802942,0.008272835,0.00887312,0.008023497,0.00840774,0.007866819,0.00833412,0.007821032,0.007925351,0.00774741,0.008284518,0.008479051,0.008749488,0.009305438,0.008727538,0.008839191,0.008987068,0.008407679
0.001910787,0.001936313,0.001965201,0.00192251,0.002011625,0.001963288,0.001929075,0.001918639,0.001972464,0.001936181,0.001917041,0.001959371,0.001949846,0.001900497,0.001909707,0.001935921,0.002414858,0.002447638,0.002153921,0.002383068,0.002213883,0.002121741,0.002427053,0.003086403,0.003192663,0.003107437,0.002856873,0.003249224,0.003275068,0.002856873,0.003249224,0.002856873,0.004954705,0.0050339,0.003369086,0.003185041,0.002900581,0.00360579,0.003293265,0.003522184,0.003216574,0.003467081,0.003117504,0.003181326,0.00342783,0.00328784,0.003165163,0.003488815,0.004067489,0.004069871,0.004151762,0.004101718,0.003751656,0.004153368,0.003671427,0.003770164,0.003545841,0.003939126,0.004025831,0.003823004,0.003873085,0.004895633,0.004772177,0.004857329,0.006428491,0.006272767,0.006162354,0.007259161,0.007187099,0.007353472,0.007777027,0.007697777,0.007179958,0.00913125,0.009053491
0.001744061,0.001856062,0.001893347,0.001926036,0.001906399,0.002190484,0.002151888,0.002398954,0.002323905,0.002429718,0.002755219,0.00276992,0.002679505,0.002771683,0.00252057,0.002859691,0.002797905,0.002688681,0.00333718,0.003306081,0.003131358,0.003188637,0.00326054,0.003131358,0.003188637,0.00326054,0.003131358,0.003188637,0.004045992,0.003818058,0.003616378,0.003553771,0.003951945,0.003647754,0.003616262,0.003836227,0.003575768,0.003826031,0.00344668,0.003425095,0.003627883,0.003566894,0.00378627,0.003895586,0.003887241,0.003579475,0.003860121,0.003621353,0.004292259,0.00430646,0.004385381,0.00442542,0.005023469,0.005010136,0.004742453,0.004976145,0.004886436,0.005331772,0.00573675,0.005661367,0.004886436,0.005331772,0.00573675,0.004466217,0.006724442,0.004581442,0.004466217,0.006724442,0.004581442,0.004466217,0.004213656,0.00432046,0.00668927,0.00689245,0.008561451
0.001655551,0.001886398,0.001982717,0.001892875,0.001827351,0.001818203,0.001927581,0.001705297,0.001749347,0.001883226,0.001867843,0.002187672,0.002370492,0.001983218,0.002343589,0.00313588,0.003133961,0.00298669,0.003148159,0.003551448,0.0033825,0.003408361,0.003689246,0.003515674,0.00319017,0.003468481,0.00349402,0.003372489,0.003623725,0.003850034,0.003632749,0.0037146,0.004099945,0.004040804,0.004175498,0.004588519,0.004392719,0.004740337,0.004501028,0.00456481,0.004882114,0.004954439,0.004945322,0.004969552,0.004679524,0.00500761,0.004570276,0.004898219,0.005009165,0.004790315,0.005874943,0.006350263,0.006395744,0.005729612,0.007286649,0.006986569,0.006970281,0.007043347,0.007158737,0.007067985,0.007339241,0.007102442,0.007666786,0.007890497,0.007758911,0.007882618,0.008183484,0.008118027,0.007795629,0.008818751,0.008705933,0.009451949,0.009403175,0.008807519,0.009451492
0.001878291,0.001758241,0.001649794,0.001851243,0.001956715,0.002777393,0.00263479,0.002405659,0.00318459,0.002958834,0.00363171,0.003985113,0.003635266,0.004685638,0.004525759,0.004788098,0.005218766,0.004855345,0.005797999,0.005682791,0.005701983,0.006069201,0.006268666,0.006177337,0.006109132,0.006194913,0.005987315,0.006179188,0.006099919,0.006242599,0.006265924,0.006092552,0.006206821,0.006255948,0.005959919,0.006259027,0.006980926,0.007222583,0.006768755,0.007295883,0.007297488,0.008184407,0.008248656,0.007906623,0.008608398,0.008598789,0.009006983,0.009414326,0.008945602,0.009305363,0.009171579,0.009489313,0.009004604,0.009741949,0.009670145,0.01070582,0.01082141,0.01072724,0.01038548,0.01097462,0.01140301,0.0110853,0.01136766,0.01225089,0.01191423,0.01201104,0.01212408,0.01156801,0.01166223,0.01203489,0.01181599,0.01202858,0.0114677,0.01202706,0.01076244
0.001569323,0.001921542,0.001766991,0.001917604,0.001976185,0.001828552,0.001878665,0.001890294,0.001883179,0.001874776,0.001720775,0.001965788,0.001857156,0.001867049,0.001872704,0.001797201,0.002454313,0.002156348,0.002322912,0.002982872,0.00478047,0.004796379,0.004376461,0.005646881,0.005673748,0.006129093,0.00564226,0.006148745,0.007236565,0.00724126,0.00722557,0.007767269,0.008268883,0.008163689,0.00845878,0.008656951,0.009595018,0.009276691,0.008302976,0.008220971,0.007983859,0.007544654,0.007790358,0.007057399,0.007250844,0.006586719,0.006765303,0.006808591,0.006822671,0.006748916,0.006731951,0.006736125,0.008239293,0.008308129,0.00760746,0.008033961,0.008146453,0.008249942,0.008216987,0.008633655,0.008951991,0.009116103,0.008818307,0.008821467,0.008871861,0.008411841,0.008977368,0.009058563,0.008920948,0.008712883,0.008848065,0.008933116,0.008951583,0.009048902,0.008841277
0.001921226,0.001899782,0.001796295,0.001573449,0.001858324,0.001606775,0.001875917,0.001767081,0.001744713,0.001801136,0.001986922,0.001800971,0.001802117,0.001799505,0.001666676,0.001612692,0.001788537,0.002163717,0.002463878,0.002228507,0.002288378,0.002076961,0.002379322,0.002428563,0.002137052,0.00230281,0.002070354,0.00224343,0.002258424,0.002297513,0.002084558,0.002390857,0.002358929,0.002285151,0.002314277,0.002334656,0.003255554,0.003231541,0.00290581,0.003294232,0.002961748,0.00309626,0.002963063,0.003768468,0.004026839,0.003709532,0.004000089,0.003931357,0.003492567,0.004084702,0.004014399,0.004822755,0.004621364,0.004942688,0.004514009,0.004941802,0.004963371,0.006200284,0.006180349,0.0057526,0.005907069,0.005954128,0.005838998,0.005551287,0.00505038,0.006065518,0.005815121,0.005726856,0.005933519,0.005698612,0.005723382,0.006604533,0.006754876,0.006673791,0.007031574
0.001687813,0.001621102,0.001770195,0.001726422,0.001855291,0.001806088,0.001770217,0.001833271,0.001872361,0.002403307,0.002316278,0.002088581,0.002020903,0.002271846,0.002304364,0.002342132,0.002375533,0.002145349,0.002408682,0.002151072,0.002377953,0.0024546,0.002664808,0.002688612,0.002481478,0.002508508,0.00263046,0.002481816,0.0024017,0.002720134,0.002692487,0.002613004,0.003234426,0.003285343,0.003174844,0.002917021,0.002927182,0.003300556,0.003257872,0.003256737,0.003242322,0.002880567,0.003204981,0.003187695,0.003473293,0.004030168,0.003858032,0.003475019,0.003491064,0.004406594,0.004291762,0.004410967,0.004394216,0.004664989,0.004396895,0.006216895,0.006315243,0.006608421,0.006868885,0.006994437,0.006888778,0.00751821,0.007310721,0.007492675,0.006865142,0.007455681,0.007583337,0.007618665,0.007613226,0.007930012,0.007820114,0.008081532,0.008058481,0.007886559,0.007815503
0.001965884,0.00193496,0.001842352,0.001826372,0.001881195,0.002319877,0.002263671,0.002201783,0.002412577,0.002398473,0.002358692,0.00235936,0.002358088,0.002415235,0.002450542,0.002350512,0.002430245,0.002681782,0.002678371,0.002881871,0.002764302,0.00286512,0.002733175,0.002852891,0.002729513,0.002716118,0.002731774,0.00315526,0.002854837,0.003124521,0.003147157,0.003615354,0.003663079,0.003859058,0.003772799,0.003987502,0.003974283,0.003852733,0.003834239,0.003870439,0.003840049,0.004891555,0.005538987,0.00551259,0.005074469,0.005444943,0.005585771,0.005463126,0.005592571,0.005292701,0.005444938,0.00545379,0.005450446,0.005480453,0.005371666,0.005425283,0.005120124,0.005174087,0.005541056,0.007622409,0.007420059,0.007831196,0.007396973,0.007829428,0.007714658,0.00786481,0.007919173,0.008039949,0.00784771,0.00853918,0.008558564,0.008545903,0.008446246,0.007972234,0.008383323
0.001959232,0.001715324,0.001825224,0.001799644,0.001673812,0.001674603,0.001982808,0.001590253,0.00176834,0.001821759,0.001649508,0.001823768,0.002318891,0.002104107,0.00234794,0.002341194,0.002243366,0.002236842,0.00228678,0.002413728,0.002221954,0.002058376,0.002207594,0.002307027,0.002370594,0.00236256,0.002199211,0.002354826,0.002028635,0.002350501,0.00238292,0.002395675,0.003250555,0.003168948,0.002956877,0.003196971,0.003271486,0.003191668,0.003052207,0.003247271,0.003146651,0.003922388,0.003803396,0.003877308,0.004024947,0.003865171,0.003855877,0.003572836,0.003805359,0.003688653,0.003957591,0.00370032,0.004520233,0.004948984,0.004655748,0.004805802,0.004573687,0.004828667,0.0048471,0.004759089,0.004741502,0.00481506,0.004578108,0.004896158,0.004690234,0.006215896,0.00571697,0.006219454,0.005947961,0.006277457,0.008001253,0.008152814,0.009066132,0.009579371,0.009272915
0.001839743,0.001739493,0.001831826,0.00181447,0.001799846,0.001796526,0.00164935,0.001678071,0.001855036,0.001773355,0.001948532,0.001865866,0.001922302,0.002007059,0.001944208,0.001815473,0.001888617,0.001788269,0.001986599,0.001924367,0.002506321,0.002548517,0.00297447,0.003174325,0.003191937,0.003271439,0.002885398,0.003355755,0.003542908,0.003588097,0.003612434,0.003449743,0.00386251,0.003595651,0.004207612,0.004229577,0.004226939,0.00411809,0.004322615,0.004549889,0.004812339,0.006159946,0.006297548,0.006293626,0.006868282,0.006816082,0.006643859,0.007075873,0.006947302,0.007289269,0.007108367,0.007186527,0.007890648,0.00741888,0.007939037,0.008251928,0.007674118,0.008330906,0.008493289,0.008610464,0.008558867,0.008645892,0.008126179,0.008585447,0.008683806,0.00862676,0.00866148,0.008367565,0.008321023,0.008806634,0.008387277,0.008415575,0.008135867,0.008669106,0.009479286
0.003017418,0.003482238,0.001668433,0.001631233,0.001954748,0.001890552,0.00191317,0.001849173,0.001831429,0.001799162,0.001923511,0.001866756,0.00193735,0.001658635,0.00243006,0.002347507,0.002150525,0.0024493,0.002288754,0.002020746,0.002547661,0.002226896,0.002403692,0.00324119,0.003161484,0.003182661,0.003209088,0.003227467,0.003385337,0.003192678,0.003960097,0.00449769,0.004607921,0.006207904,0.006221936,0.005972088,0.004837612,0.004614077,0.003840536,0.004014398,0.004541165,0.004555267,0.0048258,0.004008563,0.003567101,0.004791118,0.0049202,0.004899223,0.00472061,0.004881798,0.004894699,0.004707468,0.00456525,0.004707468,0.006690116,0.004680369,0.004161663,0.004879154,0.004774929,0.004629672,0.00463202,0.004179784,0.004222415,0.004491377,0.004296172,0.004066671,0.004378977,0.004162412,0.004103843,0.004258708,0.004150992,0.004473826,0.004792793,0.00493808,0.004452934
0.001645915,0.001808645,0.001851375,0.001833583,0.001866603,0.001877556,0.001798705,0.001923681,0.001655927,0.001718961,0.001875204,0.001908673,0.001762783,0.001916489,0.001887754,0.002615983,0.002719897,0.002628245,0.002781803,0.002880507,0.00291762,0.002939695,0.002864359,0.003209498,0.00334925,0.003428592,0.003298177,0.003273986,0.003339611,0.003672045,0.003821324,0.003493643,0.003732966,0.004200537,0.004345313,0.004376668,0.004638467,0.004626121,0.004428309,0.004830393,0.004875922,0.004826585,0.004768523,0.004911628,0.004981041,0.005191739,0.005066159,0.005481567,0.005922444,0.006349523,0.00638651,0.006507667,0.006865262,0.0063651,0.006994963,0.007378914,0.007404842,0.008002363,0.008054059,0.007542085,0.00839192,0.008782479,0.009777321,0.00980562,0.0104874,0.0101029,0.0101824,0.0105308,0.0105123,0.01095197,0.01034528,0.01073451,0.01103891,0.01046592,0.01087908
0.001834808,0.001662401,0.001998843,0.002122487,0.002138141,0.002145753,0.002629878,0.002615102,0.002977828,0.003194683,0.003978797,0.003886666,0.004635216,0.004807025,0.004488908,0.005293087,0.005143869,0.005075278,0.002924559,0.002935586,0.00352864,0.003441692,0.003557802,0.003950416,0.003834501,0.00368182,0.004746379,0.004923153,0.004774606,0.005093069,0.005078707,0.005393909,0.005597042,0.005725542,0.005851077,0.005688969,0.006202052,0.006665321,0.00654844,0.007487105,0.007374507,0.007378659,0.003938562,0.003880065,0.004070982,0.004219455,0.004430717,0.004866471,0.004812158,0.004747901,0.004735274,0.004906372,0.004818171,0.005586562,0.00508959,0.00539888,0.005591717,0.006106147,0.005842223,0.006312382,0.006665856,0.006585254,0.004783657,0.004919821,0.004497147,0.005215832,0.005400586,0.005840584,0.006028894,0.006236954,0.006131595,0.006636064,0.006409917,0.006832525,0.006628917
0.001690504,0.001866567,0.001616933,0.001731763,0.001942485,0.00187946,0.001684532,0.001683214,0.00185556,0.001950255,0.001910793,0.001659094,0.001786238,0.001668495,0.001613241,0.001981101,0.001592679,0.001902485,0.001794639,0.001729389,0.0018231,0.001862676,0.001777257,0.001946532,0.001904153,0.001667376,0.001904301,0.001731596,0.001752352,0.0016988,0.001805054,0.001834938,0.002654655,0.002835272,0.002673242,0.002692057,0.002688388,0.002731081,0.002870778,0.003189707,0.003221743,0.003750615,0.003835234,0.003886133,0.004826254,0.004484918,0.004415678,0.004965879,0.005180117,0.00556146,0.004932605,0.005333248,0.0054511,0.005929651,0.005801362,0.007017703,0.006980754,0.00674189,0.006747823,0.007274695,0.006593086,0.007662808,0.007632466,0.00769422,0.007633685,0.00818022,0.008105443,0.008111116,0.008175241,0.008282385,0.009400092,0.009065382,0.009331837,0.00991941,0.0096429
0.001779935,0.001910078,0.002785248,0.002727365,0.002810958,0.002394178,0.002381764,0.002548759,0.002472456,0.002366591,0.002744586,0.002766307,0.003050384,0.003268278,0.002852909,0.002995007,0.003199695,0.003220675,0.002826638,0.002812791,0.003017037,0.003195549,0.003234463,0.003553789,0.003375,0.003497893,0.003661662,0.003266779,0.003561299,0.003524238,0.003384053,0.003506764,0.003592608,0.003342264,0.003378951,0.004208635,0.004116896,0.004154453,0.004416988,0.003939218,0.004355222,0.004259852,0.004257747,0.003990627,0.004274596,0.004273629,0.00429319,0.004815978,0.004666816,0.004849506,0.004806901,0.005624882,0.005599092,0.005683392,0.005298729,0.005527004,0.005273012,0.005625173,0.005547397,0.00557319,0.005699561,0.00563333,0.005642662,0.005226657,0.005341976,0.005595823,0.005464998,0.005747573,0.005939521,0.006179059,0.006537515,0.006443135,0.006195085,0.00666555,0.007033945
0.001917506,0.001790303,0.001889904,0.001834803,0.00314859,0.003069649,0.003092643,0.003844583,0.003591876,0.004053653,0.004156098,0.004180432,0.00456403,0.004269137,0.004764698,0.004859543,0.005026311,0.005037818,0.004967387,0.005319407,0.005156276,0.005249807,0.005321032,0.004998701,0.005360621,0.004885145,0.005307703,0.004939446,0.00570704,0.006201308,0.005926882,0.005878732,0.005734841,0.005691239,0.006238853,0.006033686,0.006162601,0.006124404,0.005862278,0.00702805,0.00693862,0.007271387,0.007338127,0.007479278,0.00801027,0.007401497,0.00798388,0.007486615,0.00808797,0.008772374,0.008426987,0.008679403,0.008704343,0.008707236,0.00899541,0.008764739,0.008352806,0.008981152,0.008765846,0.009031389,0.008981325,0.009074042,0.009001592,0.008919567,0.009111957,0.008085908,0.00798656,0.007999185,0.008076619,0.008167936,0.008064114,0.008030377,0.007998908,0.007985028,0.007672824
0.001822762,0.001905424,0.00162763,0.001915279,0.001699131,0.001697404,0.001885698,0.001855815,0.001749993,0.001871402,0.001710407,0.001858695,0.001828812,0.001682642,0.001715184,0.001609559,0.001918829,0.001818269,0.001659336,0.001682642,0.001715184,0.003605661,0.003690567,0.002140622,0.002206006,0.00197219,0.002033692,0.001840408,0.001996682,0.001975927,0.001870645,0.002185967,0.002145854,0.002103005,0.002105354,0.002115595,0.001979201,0.001979954,0.00216098,0.001976067,0.002012755,0.002099888,0.002019078,0.002076987,0.002100496,0.002015762,0.001964239,0.002132157,0.002148729,0.00212061,0.003142387,0.003037861,0.003206389,0.003084104,0.003185364,0.00342599,0.003597448,0.003474752,0.003539087,0.003882309,0.003885393,0.00400705,0.004024743,0.003530681,0.003508018,0.003896248,0.003643194,0.004589746,0.004855649,0.005909324,0.006582075,0.006648291,0.008177596,0.008013204,0.007543083
0.001921312,0.001755621,0.001762768,0.001906775,0.001836272,0.001917416,0.001839432,0.00189043,0.001862665,0.002019085,0.001655546,0.001875425,0.002014391,0.00194624,0.001857155,0.001894197,0.001944705,0.001857502,0.00189734,0.001664317,0.001925028,0.001708217,0.00172362,0.001901143,0.001817847,0.002001021,0.001981954,0.001698121,0.00313912,0.003270899,0.003489689,0.003250341,0.003771387,0.003798907,0.003704261,0.003753891,0.003722887,0.003773451,0.003500154,0.003301021,0.003964758,0.003970287,0.003940477,0.004566822,0.004712307,0.005490607,0.005325098,0.005157358,0.005527302,0.005407364,0.005336707,0.005401778,0.006150314,0.006064733,0.006162615,0.006286227,0.006623336,0.007009549,0.006799727,0.007635344,0.008193172,0.008140759,0.008291263,0.008129788,0.007671656,0.007599255,0.007632892,0.008266632,0.007538815,0.008141209,0.008230413,0.008629963,0.008836218,0.009311347,0.00930048
0.001740479,0.001848905,0.001749691,0.001811248,0.001842356,0.00179754,0.001624917,0.001612724,0.001917042,0.002976776,0.003296665,0.003321189,0.003198555,0.003257989,0.003646409,0.003790081,0.003570603,0.003843386,0.003408908,0.003879598,0.003883953,0.003776222,0.00386567,0.003608261,0.003818904,0.004244169,0.003975644,0.003930639,0.004798927,0.00481161,0.004468261,0.00455818,0.004732619,0.005435324,0.00551825,0.00550541,0.005522135,0.005112228,0.00559754,0.005243332,0.005159885,0.006244096,0.006194646,0.006269141,0.006332965,0.006120713,0.006173662,0.005751145,0.005875702,0.006248948,0.005833056,0.006127246,0.005951509,0.007090855,0.006953589,0.007155567,0.007055693,0.006760803,0.007034393,0.006607363,0.007151411,0.006592568,0.006676047,0.007188376,0.007267167,0.007162318,0.007209254,0.00725619,0.007303126,0.008133307,0.005714163,0.005603634,0.004961465,0.005034387,0.006716392
0.001650768,0.00168924,0.001843961,0.001947495,0.001960043,0.001862214,0.001816803,0.001960119,0.001879148,0.001921103,0.001755918,0.001723766,0.001878131,0.001963212,0.002396159,0.002160215,0.002416915,0.002438661,0.002066298,0.002191418,0.002271599,0.002441224,0.002829654,0.00277131,0.002843837,0.002466466,0.002683834,0.002564796,0.00272553,0.002536497,0.003245672,0.003273748,0.002908295,0.003022102,0.002988897,0.003307533,0.002960194,0.00300864,0.003249453,0.003031832,0.00317538,0.002896737,0.003112538,0.003146801,0.004015789,0.003867541,0.003914374,0.003954824,0.003570832,0.003944179,0.003880268,0.003724125,0.003656347,0.004029152,0.00401923,0.003986585,0.003865453,0.004006625,0.003658098,0.003789514,0.003933474,0.004843362,0.004639423,0.004434079,0.004845476,0.005009179,0.00493024,0.004671403,0.00491606,0.006428859,0.006267386,0.006025263,0.00739427,0.006738824,0.007350545
0.001757222,0.00191083,0.002015051,0.001990024,0.001816399,0.00195927,0.002055521,0.001880725,0.001943534,0.001899958,0.001885847,0.001862147,0.001835902,0.001707144,0.001942026,0.001921671,0.001663369,0.001981457,0.001746186,0.002381204,0.00244824,0.002057149,0.00268947,0.002858186,0.002495175,0.002856465,0.002496638,0.002800691,0.002495519,0.002680539,0.002834928,0.002807299,0.002728972,0.003991049,0.003656561,0.003698386,0.003714944,0.004834104,0.004868845,0.004832315,0.006400937,0.006382108,0.005812769,0.00391579,0.004097945,0.003274763,0.0032375,0.003366302,0.00253728,0.002371555,0.002318068,0.002517681,0.002317716,0.003278937,0.00321835,0.00309595,0.003176601,0.002935613,0.00316673,0.003189668,0.003235565,0.002910115,0.003709895,0.003867525,0.004964807,0.004909358,0.004871585,0.006298384,0.006307693,0.007177684,0.007131041,0.007244505,0.006706809,0.007137039,0.007111578
0.003188544,0.003322657,0.003114475,0.004650341,0.004816674,0.004839855,0.004894851,0.004985933,0.004945344,0.004563118,0.004626922,0.005082985,0.006409857,0.006334734,0.006374282,0.006124145,0.006246943,0.006357485,0.005797812,0.006229604,0.006295572,0.006296644,0.006241045,0.005952515,0.006409632,0.006181027,0.006281393,0.006334325,0.005860151,0.005940771,0.006385295,0.006485592,0.006804078,0.006814939,0.006902966,0.006961399,0.006782012,0.007143949,0.007189446,0.007239325,0.007278367,0.006839664,0.006673421,0.007185429,0.007216502,0.007134059,0.007096989,0.006880665,0.006644952,0.007287581,0.008061548,0.008107367,0.008148021,0.008359579,0.007845672,0.008210851,0.008342304,0.008112161,0.007833702,0.008181096,0.008000206,0.007585913,0.007982911,0.00799066,0.008119138,0.008896551,0.008973256,0.009023725,0.009117616,0.00841307,0.008827758,0.008896375,0.008423659,0.008655456,0.008263653
0.002332173,0.002257555,0.002554132,0.002413275,0.002183976,0.002463627,0.002173784,0.00234577,0.002432916,0.002171099,0.002340265,0.002259331,0.002339809,0.002406315,0.00253872,0.002484924,0.00254244,0.002336277,0.002513335,0.002741323,0.002559546,0.002724621,0.002765515,0.002593895,0.002759421,0.002615532,0.002868097,0.003039047,0.003032104,0.002969126,0.002867336,0.002955416,0.002862996,0.002707507,0.002865945,0.00286336,0.002860775,0.00285819,0.004549804,0.003065177,0.003252484,0.003053603,0.003021039,0.0030146,0.003433983,0.003362304,0.002995082,0.003528036,0.003378475,0.003234805,0.00409303,0.003896846,0.004185175,0.00424183,0.004198657,0.004314319,0.004947695,0.004932572,0.005572963,0.005420204,0.005787266,0.006252224,0.006243291,0.007200169,0.006683581,0.007213309,0.007964613,0.007620763,0.007944331,0.00635218,0.006274546,0.00622691,0.005987146,0.00629241,0.006218262
0.002841587,0.002659527,0.002787707,0.002494341,0.0028413,0.002923242,0.002678673,0.002489351,0.002635842,0.002542445,0.002611923,0.002538136,0.002466756,0.002750678,0.002507188,0.00278828,0.00275717,0.002766634,0.002419389,0.002764293,0.002716269,0.002652688,0.002633626,0.002980457,0.003317771,0.003040539,0.003122291,0.003181847,0.002976866,0.003371845,0.002936664,0.003376553,0.003299154,0.002932105,0.002905231,0.002967086,0.003213632,0.003306232,0.003330419,0.003131555,0.003275929,0.004946576,0.004963436,0.005061992,0.005639211,0.005176657,0.005648962,0.005520301,0.005593352,0.005144447,0.005526585,0.00553828,0.005647098,0.006325601,0.006282439,0.005856458,0.005971402,0.006797521,0.00683885,0.007147485,0.007262855,0.006599264,0.007159817,0.006915163,0.007905759,0.00808412,0.007978588,0.007644827,0.007410454,0.00787613,0.0078397,0.007493099,0.007904552,0.007456848,0.008829699
0.003002201,0.004614984,0.00454751,0.004729778,0.003891238,0.004922178,0.005029526,0.004827697,0.005020283,0.00500517,0.004658496,0.004558045,0.004728533,0.004737953,0.005032939,0.00529738,0.004957432,0.005261858,0.005099011,0.004820528,0.00516224,0.00488208,0.00521471,0.005830947,0.005760945,0.005317712,0.005691216,0.005333542,0.005549206,0.005239873,0.00581284,0.005265294,0.005504392,0.006021699,0.006171443,0.005989874,0.006137978,0.005778117,0.00619839,0.006021122,0.006137446,0.00616628,0.006277032,0.005832195,0.005701687,0.006194704,0.00629124,0.006815666,0.006785724,0.006745781,0.00680955,0.006722669,0.006704383,0.007516687,0.007477581,0.007305378,0.007263424,0.007291649,0.007005916,0.007380649,0.007390423,0.007336813,0.007948024,0.007805538,0.007971256,0.007568655,0.007491557,0.007502202,0.008164586,0.007960909,0.007995999,0.008148235,0.007478767,0.007962009,0.008817088
0.001870364,0.001684714,0.001869753,0.001830273,0.001841949,0.0018991,0.001789209,0.001659263,0.001824373,0.00191421,0.001897601,0.001755149,0.001982593,0.001888793,0.001806954,0.001640284,0.00194409,0.001814646,0.001865565,0.001717155,0.001942021,0.001854645,0.001912133,0.001666693,0.001921011,0.001872083,0.001892026,0.002981373,0.003019758,0.003226539,0.003989982,0.003979986,0.003901015,0.003758931,0.003830438,0.003962143,0.003438872,0.003601364,0.003637492,0.003573987,0.003764405,0.003930118,0.003543057,0.004284281,0.004241637,0.004243352,0.003903126,0.004395043,0.004319553,0.004306813,0.004960997,0.004747395,0.004901688,0.005502947,0.005123171,0.005244104,0.00551175,0.00520217,0.005206724,0.005230225,0.00606745,0.006309587,0.00640028,0.006137393,0.006150128,0.006181493,0.006396543,0.006288954,0.006962812,0.007079545,0.00718951,0.007282959,0.007270633,0.007012992,0.007225449
0.001972805,0.001926339,0.001903601,0.001932238,0.001964618,0.001834366,0.00195399,0.001754461,0.001846197,0.001965389,0.001721915,0.001935465,0.001956599,0.00186876,0.001693681,0.001709693,0.001843576,0.001945912,0.00233857,0.002441289,0.0024097,0.002440719,0.002406773,0.0020673,0.003240315,0.003270829,0.003254541,0.00302603,0.003231272,0.003412712,0.003281833,0.003476102,0.003620316,0.003595171,0.003543564,0.003174169,0.003644764,0.003615397,0.003937448,0.003867454,0.003631446,0.003554955,0.004947427,0.00495987,0.00488571,0.004815536,0.004759957,0.005667649,0.00556874,0.005223265,0.005534766,0.005609091,0.005655196,0.005492149,0.005551674,0.005515659,0.00550678,0.006308311,0.006358752,0.006223097,0.006375211,0.006127915,0.006258615,0.007296388,0.006877526,0.007147189,0.006712787,0.00671659,0.007078838,0.006618897,0.00762568,0.009454198,0.008774557,0.009383006,0.009530605
0.002003237,0.001706269,0.001890082,0.001886946,0.001959786,0.001645833,0.001832639,0.001840778,0.001981268,0.002015112,0.001972908,0.001839149,0.002050441,0.001928342,0.001880883,0.001665304,0.001895396,0.001889791,0.001885626,0.001968283,0.001960419,0.001975619,0.001916514,0.001958896,0.002844441,0.003249238,0.003250501,0.003932453,0.003696127,0.003957837,0.00391229,0.003517994,0.003677359,0.00394323,0.004014027,0.003880483,0.004940263,0.004922341,0.004914238,0.004932386,0.004875928,0.004578957,0.005089505,0.004863266,0.004705558,0.005675029,0.005567,0.005588699,0.005549587,0.005578486,0.005585111,0.005210042,0.006219591,0.005717579,0.006313277,0.006183658,0.006218555,0.006093469,0.005791629,0.007086619,0.006550046,0.007145189,0.006722264,0.007178529,0.007188957,0.008187781,0.008084144,0.00828285,0.008160196,0.01018571,0.009948091,0.00990126,0.01006778,0.01008746,0.010637
0.00167688,0.001861636,0.001941868,0.00194214,0.001788165,0.001739851,0.0016803,0.001902956,0.001949615,0.001630503,0.001969747,0.001741011,0.00320802,0.002963118,0.00333106,0.003415304,0.003201086,0.003000906,0.003874516,0.003976564,0.003642224,0.00399217,0.00495558,0.004554957,0.004783678,0.004468901,0.004875642,0.004857523,0.004677013,0.005014536,0.004958152,0.004887434,0.004925104,0.005882496,0.006155239,0.006033885,0.006247729,0.005963124,0.006284644,0.006232897,0.007094571,0.007086229,0.006924727,0.006995052,0.007994166,0.00760967,0.008014351,0.008147518,0.007787845,0.00831696,0.008297443,0.007719452,0.008075482,0.007880962,0.008088578,0.008243261,0.00899939,0.009308996,0.009482895,0.009295185,0.009357356,0.009295697,0.01046219,0.01079019,0.01016575,0.01071056,0.01067566,0.01170182,0.01169184,0.01106085,0.01105092,0.01178083,0.01164775,0.01139401,0.0117391
0.001696945,0.001784733,0.001617956,0.00190071,0.001924506,0.001818729,0.001903866,0.001762072,0.001884528,0.001839576,0.00175737,0.001589779,0.001859245,0.002068728,0.001838108,0.001982892,0.001968377,0.00209322,0.001997156,0.00208995,0.002191075,0.002155642,0.002410708,0.002308579,0.002284175,0.002400262,0.002360987,0.002778637,0.002724625,0.002774849,0.002564209,0.002974186,0.002885733,0.002772292,0.002916047,0.003000071,0.0032838,0.003195642,0.002774223,0.003447826,0.003261946,0.003308931,0.003565084,0.003967211,0.003558638,0.003892148,0.003652986,0.004861375,0.004456658,0.005181225,0.005288647,0.005022313,0.005271555,0.005139232,0.00587034,0.005873426,0.005736604,0.005808434,0.006444289,0.006257714,0.00826341,0.008455165,0.007902202,0.008809126,0.008818115,0.008898913,0.008826423,0.01003926,0.0094712,0.01005759,0.01013605,0.00955675,0.01006427,0.009965777,0.009934356
0.002752081,0.002935728,0.002956224,0.002907818,0.002881023,0.002838566,0.0027315,0.002817772,0.002582888,0.002973702,0.002788848,0.00296722,0.002924014,0.002926978,0.002753761,0.002843181,0.002518293,0.002434759,0.002208622,0.002343102,0.001894614,0.001899035,0.002146881,0.002137902,0.002269839,0.001890257,0.001970796,0.001983894,0.001918523,0.003004969,0.002965068,0.002900535,0.002892669,0.002561825,0.002795124,0.002763218,0.002713304,0.002550537,0.002979675,0.002879024,0.003887659,0.003933731,0.003977502,0.003910371,0.003955293,0.003966483,0.004946276,0.003483211,0.003266796,0.00440719,0.00422342,0.004193352,0.005094455,0.005157588,0.005047686,0.005421525,0.005739514,0.005719014,0.005539141,0.006241225,0.006118407,0.00726605,0.007139615,0.006750504,0.007198502,0.00727351,0.00733036,0.007289233,0.007155906,0.007300015,0.007415159,0.007103174,0.007638537,0.00778207,0.007857174
0.001903963,0.001849227,0.001923849,0.001854219,0.001963035,0.00185423,0.001627636,0.001876757,0.001735895,0.001565353,0.001971315,0.00195674,0.001685581,0.001901748,0.001735162,0.001669502,0.001747901,0.001918064,0.001917714,0.001679078,0.001858849,0.001998655,0.002166453,0.002167537,0.002376896,0.002172034,0.002212483,0.002488932,0.003202323,0.003222516,0.002934546,0.003123344,0.002893518,0.003149383,0.003121268,0.002968769,0.003159927,0.003469153,0.003393842,0.00339439,0.003524569,0.003477212,0.003017932,0.003257392,0.00344458,0.003286537,0.004740191,0.005040357,0.004810476,0.004849649,0.004966746,0.004981498,0.004805008,0.004867675,0.004748656,0.004865706,0.004638957,0.004448131,0.004504332,0.006196526,0.006064163,0.005739923,0.005729991,0.007225061,0.006895911,0.007105103,0.007197489,0.007106511,0.007099212,0.00750514,0.007873375,0.007773313,0.007541852,0.008963119,0.009227863
0.001870281,0.001895237,0.001947354,0.00168977,0.001967079,0.001859866,0.001913027,0.001872816,0.001655012,0.001772079,0.001739006,0.001926556,0.001682277,0.001884776,0.001904465,0.001854519,0.001698954,0.001855673,0.001927069,0.001714352,0.001898298,0.001766406,0.002374893,0.002207413,0.002404389,0.002203984,0.002108476,0.002255812,0.002394074,0.002434093,0.002431733,0.002413944,0.002450364,0.002466196,0.002255475,0.002440458,0.002312459,0.002488164,0.00240306,0.002435156,0.0024626,0.002700895,0.0025831,0.003296399,0.003338812,0.003292042,0.002909792,0.003950106,0.003483264,0.003748531,0.003668013,0.004807282,0.004854908,0.004998228,0.00473566,0.005417359,0.005497499,0.005113439,0.005826857,0.005580463,0.005602675,0.005666562,0.005999111,0.00582703,0.005945441,0.006213529,0.008058913,0.008011377,0.009373782,0.009409587,0.01065807,0.01025693,0.01053724,0.01021379,0.01144457
0.001930073,0.001920057,0.001922341,0.001790899,0.001895723,0.001972265,0.001928524,0.001868646,0.001918192,0.001945915,0.00195526,0.002440962,0.002252324,0.002288394,0.002382688,0.002798003,0.002631821,0.002718154,0.002903106,0.003171335,0.003364313,0.003074743,0.003264164,0.00333794,0.002873105,0.00322285,0.003063079,0.00340437,0.003291812,0.00326356,0.003319144,0.003083774,0.003520248,0.003659993,0.0036976,0.003826689,0.003482427,0.003349982,0.003915478,0.003690346,0.003587338,0.003633725,0.00484067,0.00479309,0.005633478,0.006165554,0.006156149,0.00631431,0.006912525,0.007061691,0.007889483,0.00800202,0.008031281,0.008217649,0.008172081,0.008237623,0.008227778,0.00814897,0.008057447,0.008265395,0.009476006,0.009384258,0.009418428,0.009028447,0.009197894,0.008738594,0.009535882,0.01002799,0.01055814,0.01070294,0.01038548,0.008478158,0.008713434,0.008801724,0.008951336
0.001960191,0.001824883,0.001934281,0.001845234,0.001898522,0.001816746,0.00188474,0.001965656,0.001859309,0.00171062,0.001777567,0.002137404,0.002183797,0.002365101,0.00258533,0.002712906,0.002715377,0.002783599,0.002883658,0.003130641,0.003079064,0.004557427,0.004939375,0.004577444,0.004562316,0.006268196,0.005924144,0.006184493,0.006284984,0.006287691,0.006268196,0.005924144,0.006704666,0.004658591,0.004575313,0.004213108,0.005329417,0.005116291,0.006483208,0.006439624,0.006487763,0.007373739,0.006810315,0.008455837,0.008235509,0.00831473,0.009725124,0.009390905,0.009585227,0.009767776,0.009054366,0.00878797,0.009539235,0.009393211,0.008984539,0.007354166,0.006707713,0.006542065,0.006263392,0.006107845,0.006349529,0.005565654,0.005043411,0.004811808,0.004829623,0.004705747,0.004212468,0.00429125,0.004421676,0.004448941,0.00510966,0.005445848,0.005568235,0.006139797,0.006155502
0.001947073,0.001944742,0.001942501,0.001982032,0.001962241,0.001922914,0.001896702,0.001882028,0.001776194,0.001724084,0.001944879,0.002009429,0.001941658,0.001861047,0.001933209,0.001884713,0.001646006,0.001990942,0.001737628,0.001890198,0.001805764,0.001632523,0.001623639,0.001788401,0.001695697,0.001790559,0.00189163,0.001744055,0.002001033,0.001857237,0.003937495,0.003976819,0.004818289,0.004936635,0.004924593,0.00608447,0.006325221,0.006183263,0.005770117,0.007130532,0.007230548,0.007123747,0.007219789,0.007224389,0.007077516,0.006638807,0.007018405,0.006804849,0.007216383,0.007020135,0.007164557,0.007089364,0.007980647,0.008050798,0.007998618,0.007932142,0.007890618,0.00876152,0.008714102,0.008128326,0.008703087,0.00873455,0.008770552,0.008356234,0.008122274,0.008522499,0.008768755,0.008367836,0.008636099,0.008458662,0.00873825,0.01021725,0.0096195,0.009684788,0.01012654
0.006343508,0.005762216,0.006290405,0.005980457,0.005888849,0.006402199,0.006202948,0.00615829,0.005926398,0.006067341,0.006323444,0.006331121,0.005822021,0.005839956,0.006265454,0.006312768,0.005690587,0.0055842,0.00571077,0.005631994,0.005594224,0.005343908,0.005613845,0.005843134,0.005128373,0.005173625,0.005160564,0.005069876,0.00498276,0.004270382,0.004403682,0.003749791,0.003742565,0.003546903,0.003351551,0.003360998,0.003269639,0.003600583,0.003202374,0.00325234,0.003381358,0.003284123,0.003241824,0.004954019,0.004847597,0.004435923,0.004716482,0.00499109,0.005042029,0.004743185,0.005012204,0.004637677,0.002805417,0.002791783,0.002876882,0.002746236,0.002782831,0.004790914,0.005039764,0.005071399,0.006299306,0.005914529,0.006273038,0.00717815,0.007107779,0.006961685,0.005012685,0.00502539,0.004421975,0.004499972,0.004661269,0.004831005,0.005008916,0.004922877,0.004934481
0.001767996,0.001680881,0.002753173,0.002479173,0.002481803,0.003138453,0.003251786,0.003582046,0.003392238,0.003711677,0.003926979,0.003960677,0.003966067,0.004050018,0.003977525,0.004226317,0.004201268,0.004681401,0.004386001,0.004941173,0.004997932,0.005048426,0.005271171,0.004991609,0.005456062,0.005613731,0.005560504,0.005752669,0.005778688,0.005682151,0.005944773,0.005706919,0.005756966,0.006230123,0.006470956,0.00637176,0.006675835,0.006788391,0.006809023,0.006979085,0.007128797,0.00711515,0.007483817,0.006881819,0.007170729,0.007754701,0.007774352,0.007466678,0.008012619,0.008029909,0.008208843,0.008260276,0.007935174,0.008547148,0.008178047,0.008496565,0.008610133,0.008110694,0.008356775,0.008008363,0.008324944,0.0077573,0.008027352,0.007829322,0.007801782,0.007083531,0.006982745,0.007111857,0.006719309,0.00699217,0.007525668,0.007865422,0.007558498,0.007835792,0.007922578
0.001976184,0.001854931,0.0019132,0.003953417,0.003920206,0.004946135,0.004720751,0.004650276,0.004585859,0.004888423,0.005172344,0.005184149,0.005370538,0.00534772,0.005527129,0.005595006,0.005368374,0.005080038,0.005305506,0.005389297,0.004830656,0.004776049,0.005213792,0.005208361,0.005184738,0.005042268,0.005197493,0.00556252,0.005595111,0.005746118,0.005948784,0.006172725,0.00604507,0.006278485,0.006141642,0.006241368,0.002136461,0.002037506,0.002104541,0.005967886,0.005626362,0.005918797,0.006022281,0.006586294,0.006611995,0.006907512,0.006904991,0.006894697,0.00666377,0.006602264,0.007433995,0.006414082,0.006917303,0.006598311,0.006164685,0.007705808,0.007789801,0.007218075,0.007640056,0.007756041,0.008226397,0.007822852,0.008375717,0.008701625,0.008135204,0.008982247,0.008607291,0.008396457,0.008853058,0.009451811,0.009864656,0.009794191,0.007762639,0.007895189,0.008066167
0.004586428,0.004895377,0.00500783,0.004824826,0.004612283,0.004974942,0.004609033,0.005005166,0.004876871,0.005009905,0.004913288,0.004673463,0.005091013,0.005252452,0.004757199,0.005316637,0.005360573,0.005001717,0.005317593,0.005324568,0.005457599,0.005657336,0.005647813,0.005903023,0.005927839,0.005860887,0.006155175,0.006054853,0.005917093,0.006103857,0.006428762,0.006438814,0.006645723,0.006440136,0.00659798,0.006848013,0.006944136,0.006841242,0.007084925,0.006736859,0.007333921,0.007250576,0.007621686,0.007225947,0.00764199,0.007705974,0.008042278,0.008014108,0.008316389,0.008150231,0.008335401,0.008107881,0.008262539,0.008685682,0.008539298,0.009129596,0.0094931,0.009175596,0.009643356,0.01010246,0.01018635,0.009994264,0.01006611,0.01008187,0.01004398,0.009998494,0.01049632,0.01041181,0.01053357,0.0108525,0.01028272,0.01087339,0.01077026,0.01089436,0.0106937
0.00196854,0.001929524,0.001817124,0.001896616,0.001961969,0.001794449,0.001898248,0.001889896,0.001893688,0.001747993,0.001897914,0.001918681,0.002062214,0.00201864,0.002012461,0.002081769,0.002092517,0.002177132,0.002172814,0.002222419,0.001990885,0.001980711,0.002316035,0.002175386,0.002157458,0.002388095,0.002246178,0.002331122,0.002328041,0.002505659,0.002234344,0.002194426,0.002482945,0.002345248,0.002525397,0.00241337,0.002519666,0.002737388,0.002733554,0.002807514,0.002391704,0.002865941,0.002633182,0.002848347,0.002618959,0.002657009,0.002975297,0.003009769,0.002763181,0.003167853,0.002864996,0.002954686,0.002981206,0.003041903,0.002868647,0.003025391,0.003174731,0.002918723,0.003186087,0.002991337,0.003105455,0.003570306,0.003473941,0.003792007,0.003846576,0.003574593,0.003761678,0.003801945,0.004328382,0.004096956,0.00442537,0.004341783,0.004697335,0.004869226,0.005454517
0.001863014,0.001911792,0.001939528,0.001848218,0.001660024,0.001714854,0.001949058,0.00190654,0.001722401,0.001915519,0.001940578,0.001802063,0.001741539,0.001882743,0.001730385,0.001975996,0.001732058,0.001764836,0.001957971,0.001935781,0.001734711,0.002046767,0.00177704,0.00203885,0.002170107,0.001990703,0.00222337,0.002165751,0.002127891,0.001888724,0.001894944,0.002187963,0.002123436,0.001898268,0.002410933,0.002311848,0.002151711,0.002389543,0.002333377,0.002479654,0.002400507,0.00229616,0.002554144,0.00247356,0.002348832,0.00267984,0.002416145,0.002399756,0.002839767,0.002641676,0.002684358,0.002589915,0.002768769,0.002847462,0.002653701,0.003032891,0.003068834,0.003094756,0.003307493,0.002934266,0.003295976,0.003253722,0.003245978,0.003461385,0.00371808,0.003957593,0.003751661,0.003938384,0.0046943,0.004726814,0.00477809,0.00554216,0.005543561,0.006164599,0.006238576
0.00194621,0.001854993,0.002173418,0.002008436,0.002019921,0.002492991,0.00242448,0.001978965,0.002844458,0.002790742,0.002867582,0.002948967,0.003035788,0.002983054,0.003357142,0.003036914,0.003271477,0.003400605,0.003465074,0.003494858,0.003621257,0.003893871,0.003844331,0.00385121,0.003593012,0.0038258,0.00399617,0.004080391,0.004243877,0.004597989,0.00487266,0.004789779,0.005104396,0.005566001,0.005479803,0.005847353,0.006078474,0.005804874,0.006353206,0.00722893,0.007424163,0.006400074,0.00620175,0.005229122,0.005771235,0.005956443,0.005412516,0.00595238,0.005915258,0.005887558,0.005905204,0.005786275,0.00576105,0.006227768,0.00633578,0.006227206,0.006399665,0.006402765,0.006522352,0.006217832,0.006366007,0.006450216,0.006313531,0.0063219,0.006485595,0.00635225,0.006932751,0.007041495,0.006935563,0.007397823,0.007490076,0.007580009,0.006988236,0.007055351,0.007436299
0.001712772,0.002334313,0.002437789,0.00248435,0.002350208,0.002319617,0.002300689,0.002414282,0.002407332,0.002580532,0.002610883,0.002664736,0.002688299,0.002664061,0.002612448,0.002653981,0.002349389,0.002710961,0.002602192,0.00275683,0.002581835,0.002976716,0.00287013,0.00331395,0.003062282,0.003191526,0.003246971,0.003021882,0.002943889,0.002929813,0.00298217,0.003085517,0.003120957,0.003277769,0.003584346,0.003537666,0.003484667,0.003526084,0.003388337,0.003534088,0.003671107,0.003494335,0.004851963,0.004805438,0.004953995,0.005452401,0.005189231,0.005424351,0.005480633,0.005490759,0.005467797,0.005895562,0.005970385,0.005633725,0.006249789,0.00586249,0.006804374,0.007293154,0.00681275,0.007362565,0.007005472,0.007633825,0.008259641,0.007770325,0.007868887,0.008182691,0.008443389,0.008277193,0.00828764,0.008368748,0.009236592,0.009751852,0.01068782,0.01015657,0.01027051
0.001903532,0.001720887,0.0016889,0.00187595,0.001881346,0.001857481,0.001937533,0.001773493,0.001834939,0.00196889,0.002035148,0.001969221,0.002193805,0.002421297,0.002432018,0.002415484,0.002429237,0.002182169,0.002447024,0.002480903,0.00224686,0.002500967,0.003245195,0.00328714,0.003255411,0.00296075,0.002923256,0.003595913,0.003888295,0.00472676,0.004864546,0.004453672,0.004910226,0.004856882,0.004823838,0.00486283,0.004831189,0.004905209,0.004987655,0.004580693,0.004930648,0.004549789,0.004532953,0.004880127,0.004611876,0.004493212,0.004889074,0.006207741,0.005925592,0.005869274,0.006221191,0.006009859,0.006170334,0.005800093,0.006172812,0.006241539,0.005975722,0.008230496,0.008212832,0.008119772,0.007827367,0.008234692,0.008333547,0.008266479,0.008196644,0.007960614,0.008027414,0.008177549,0.008172113,0.007852634,0.008340072,0.01046711,0.01055143,0.01101761,0.01105127
0.001672823,0.00193451,0.001879361,0.001894915,0.00172434,0.002018053,0.001681499,0.001966315,0.001963126,0.002491353,0.002178028,0.002388187,0.002405103,0.00215916,0.002398006,0.002440491,0.002498091,0.002447969,0.002489575,0.002466858,0.002762295,0.002773025,0.00264527,0.002708431,0.002768104,0.002867207,0.00324044,0.003241625,0.002973239,0.003292913,0.003653145,0.003801339,0.003528166,0.003719022,0.003933536,0.00394361,0.00350009,0.003955457,0.003937526,0.004844641,0.004844704,0.004812173,0.00494909,0.004731675,0.004562981,0.004791291,0.004902664,0.004467256,0.004420538,0.004492197,0.006248925,0.006137508,0.005924718,0.006229464,0.00628166,0.005910728,0.005876193,0.006175223,0.005821951,0.006294034,0.008162304,0.007665312,0.008374742,0.008304523,0.008160237,0.008193927,0.008007627,0.008426428,0.01066823,0.0108971,0.01134136,0.01113336,0.01101278,0.01104443,0.01049162
0.001938956,0.001943694,0.00204104,0.001955998,0.001852917,0.001871741,0.001940013,0.001710988,0.001921225,0.001902041,0.001953317,0.001854608,0.001671998,0.001906377,0.003031736,0.002972276,0.003154911,0.003196045,0.003338681,0.00321888,0.003176983,0.002943943,0.003325711,0.003074543,0.00326713,0.003121334,0.003018583,0.006293556,0.005757283,0.005905693,0.006037083,0.006365749,0.00568829,0.006221137,0.006220829,0.00576875,0.006951307,0.007145379,0.007127727,0.006684158,0.007068126,0.007186996,0.008078644,0.007696854,0.008313102,0.008896854,0.009624213,0.008946279,0.009466657,0.01079947,0.01072718,0.01072465,0.01079766,0.01085325,0.01106209,0.01043727,0.01079981,0.01077658,0.01048405,0.01066789,0.0109799,0.01117445,0.01087921,0.01104435,0.01068358,0.01106479,0.01071915,0.01097402,0.01112779,0.01112187,0.01110623,0.008194327,0.007937317,0.008310426,0.008178267
0.001937603,0.001881471,0.001914709,0.001897985,0.002368527,0.002364501,0.002406049,0.002392585,0.002133486,0.002433641,0.002156284,0.002424687,0.00281137,0.002823453,0.002913817,0.002944666,0.002980863,0.003106921,0.003187734,0.003074632,0.003394804,0.003695285,0.003337249,0.003905598,0.003798117,0.003932061,0.00482567,0.004636875,0.005297804,0.005083183,0.00549399,0.005670787,0.005876963,0.005783238,0.005620949,0.005489967,0.005743815,0.00553308,0.00571611,0.005294754,0.005740168,0.005824402,0.005593895,0.00541618,0.005727525,0.005774305,0.00616784,0.005824389,0.006173131,0.006176732,0.006629978,0.006758596,0.006764702,0.006786577,0.006680126,0.006267945,0.006828864,0.006772429,0.006310917,0.00669031,0.00618693,0.006323998,0.006769766,0.006582597,0.006777292,0.006531914,0.006762492,0.01087778,0.01045716,0.01071429,0.0105222,0.01082522,0.01095806,0.0104857,0.01066977
0.00192336,0.001967036,0.001715495,0.00189297,0.001924357,0.001774444,0.001937745,0.00190141,0.006225044,0.006281601,0.005992281,0.006268622,0.006219924,0.006247225,0.00621472,0.006219488,0.005748214,0.006044628,0.006764416,0.006321776,0.007454257,0.007417831,0.007762752,0.008072024,0.008381297,0.008690569,0.009962788,0.007439374,0.007154589,0.007003056,0.008123899,0.00804111,0.007743694,0.007756294,0.007890046,0.007273292,0.009587188,0.009486426,0.009560933,0.00914139,0.009414209,0.00946915,0.009165296,0.009315252,0.009434316,0.009420152,0.008924438,0.0104078,0.009762104,0.01038141,0.009898114,0.01015496,0.01045312,0.01030061,0.01036453,0.009859736,0.01013254,0.009886951,0.01080018,0.0108454,0.0109559,0.01029483,0.01079049,0.01038671,0.01048533,0.01077039,0.01070378,0.01176558,0.01157361,0.01112603,0.0112552,0.01212027,0.01190451,0.0120199,0.01166885
0.001854549,0.001867831,0.001735598,0.001842066,0.001696268,0.001881837,0.001926584,0.001773132,0.001832646,0.001852095,0.001760091,0.001778784,0.001895544,0.001944815,0.001950991,0.002245088,0.002282106,0.002733297,0.002726221,0.003101426,0.003248275,0.003416326,0.003438906,0.00359615,0.003859295,0.003484907,0.003934764,0.003974175,0.004099092,0.003989866,0.004021502,0.004427693,0.00616976,0.005991336,0.006060099,0.006217325,0.006145116,0.007460888,0.007509022,0.007207667,0.008325683,0.00819964,0.008250264,0.00822816,0.007727502,0.008157212,0.008139109,0.007734591,0.008194155,0.007768305,0.007797448,0.008195678,0.008244078,0.008916989,0.008480969,0.008634503,0.008858939,0.008870345,0.008495848,0.008829175,0.008877177,0.008958791,0.008782622,0.008830529,0.008777407,0.008944858,0.008570784,0.008982372,0.0090206,0.009559005,0.00963943,0.009691855,0.009449461,0.0098268,0.009605249
0.001891474,0.001946533,0.001710383,0.002002667,0.001797816,0.001862256,0.002760835,0.002498143,0.002907162,0.003037487,0.003254184,0.003438589,0.003381353,0.003968763,0.003557126,0.00423246,0.004401117,0.004334836,0.00463924,0.004614083,0.005425064,0.005406671,0.005198003,0.005717798,0.0057273,0.005663299,0.006097106,0.006333005,0.006265898,0.00670042,0.006937672,0.007037293,0.007256251,0.007365707,0.007769488,0.007705607,0.008224376,0.007903238,0.008559154,0.008897005,0.009752173,0.009183339,0.01017885,0.01020473,0.00982531,0.009966582,0.0070284,0.007127503,0.006673438,0.00704565,0.007303071,0.007184954,0.006334648,0.005980449,0.006222667,0.006194031,0.006283668,0.006328156,0.006286642,0.005987805,0.006080054,0.006205375,0.006359173,0.006248543,0.005760505,0.005791712,0.005912671,0.007345503,0.00734705,0.007349511,0.007016755,0.007283081,0.006914982,0.007273085,0.006854957
0.001912444,0.00176182,0.00195175,0.001964863,0.001990308,0.001937436,0.001924565,0.001920059,0.001926345,0.001869221,0.001831114,0.001664721,0.001937257,0.00188698,0.001877668,0.001862097,0.004654923,0.004495849,0.004827853,0.00492063,0.004554199,0.004997215,0.004917054,0.004839583,0.006008178,0.006204375,0.006034929,0.005966856,0.00589919,0.006362478,0.006161816,0.006328426,0.00574219,0.006045182,0.006221768,0.006201052,0.006259765,0.006203546,0.006216364,0.005841012,0.005726188,0.00704916,0.007103694,0.006986321,0.006770636,0.007141287,0.007218433,0.006921812,0.006696874,0.007212497,0.007806261,0.007498933,0.007791899,0.007789203,0.00735781,0.007745703,0.007895398,0.007718578,0.007648962,0.007500724,0.00774097,0.007733504,0.007916125,0.007718933,0.008239745,0.008301226,0.008189125,0.008170933,0.008021669,0.008216664,0.008244895,0.008198965,0.008284979,0.007973439,0.009257823
0.00183296,0.001907548,0.001785671,0.001856339,0.001850168,0.001924871,0.001964988,0.001728159,0.001912473,0.002737559,0.003257817,0.003355095,0.002907895,0.00324897,0.003337759,0.003204578,0.003249271,0.003194745,0.002812846,0.002983251,0.003180241,0.003074321,0.004827056,0.004440915,0.004730408,0.004865775,0.004643002,0.004424831,0.004875999,0.004847778,0.004692936,0.00552113,0.005494508,0.005894034,0.005914714,0.005923226,0.005937262,0.005426691,0.005853883,0.005495375,0.005973311,0.005831174,0.005607469,0.005833636,0.006189145,0.006156436,0.006225666,0.006230644,0.005968443,0.005976784,0.005921293,0.006883021,0.007096599,0.007142554,0.006801483,0.007069857,0.007149616,0.007146444,0.006652644,0.007465611,0.007846089,0.007838367,0.008050389,0.008053559,0.007876704,0.009246268,0.008939724,0.01019306,0.01034576,0.01033325,0.009778158,0.01036669,0.01042774,0.01068185,0.0110738
0.001853823,0.001781296,0.001836708,0.001766563,0.002264451,0.002369615,0.002561444,0.002857544,0.002833989,0.003874483,0.003767783,0.004381782,0.005322486,0.004832723,0.005149059,0.005303954,0.005192469,0.005288932,0.00580602,0.006136625,0.006075566,0.006466078,0.006840606,0.007641182,0.007522584,0.00771716,0.007749681,0.0076917,0.00924419,0.008896834,0.01006138,0.009731101,0.01017102,0.00968861,0.009727986,0.009779483,0.01016375,0.009835363,0.009836559,0.00986821,0.009848252,0.0101333,0.01006124,0.01013724,0.010853,0.01010809,0.01078434,0.01063314,0.01070598,0.01063803,0.0107401,0.01029552,0.01066678,0.0108131,0.01061929,0.01073463,0.01052759,0.01075543,0.01149197,0.01204406,0.01199821,0.01226657,0.01222452,0.01250845,0.0119809,0.01237328,0.01367681,0.01287639,0.01348482,0.01357656,0.01311047,0.01321037,0.01339828,0.01360552,0.01307931
0.001795943,0.002425093,0.002464858,0.002395626,0.002410547,0.002277783,0.002328291,0.002403609,0.002601993,0.002748424,0.002749149,0.002848374,0.003103866,0.003034397,0.00324726,0.003216548,0.003147536,0.003275268,0.003220754,0.003197548,0.003297797,0.003114112,0.003777288,0.004509415,0.004524191,0.005302993,0.004851085,0.005203224,0.00524671,0.005232551,0.005115287,0.004902291,0.005055672,0.005289823,0.005172781,0.005442662,0.006260556,0.006030701,0.006027828,0.005620468,0.006012273,0.005938837,0.006153585,0.006012053,0.006143807,0.006078322,0.006041155,0.006000969,0.00745884,0.007448381,0.007681679,0.007448277,0.007858928,0.007702431,0.007349158,0.007446104,0.007708859,0.007873347,0.007883041,0.007790343,0.007616309,0.007550774,0.008975168,0.009039537,0.008952012,0.009763431,0.009943577,0.009901262,0.009310373,0.01019019,0.0103344,0.01045031,0.01012763,0.009939986,0.01051019
0.002111064,0.001989631,0.001920641,0.001833875,0.001775496,0.001926112,0.001948933,0.001990769,0.00175209,0.001727579,0.00193438,0.001836655,0.001771292,0.001915409,0.0019431,0.001874848,0.001831705,0.001890186,0.001767988,0.00194976,0.003247707,0.003300517,0.003160785,0.003309269,0.003136697,0.003305505,0.0033642,0.003174061,0.003186834,0.003365574,0.003008261,0.003266511,0.002989086,0.003018076,0.003164478,0.003301207,0.002905565,0.003254758,0.003249472,0.00315052,0.003252193,0.003205595,0.003201264,0.003375003,0.004758595,0.004811233,0.004624364,0.004351371,0.004388759,0.004502767,0.004927923,0.004700774,0.005960117,0.006260342,0.006713944,0.006823158,0.006940211,0.006903091,0.00682989,0.006500718,0.006579014,0.006765833,0.006770264,0.006742041,0.008010986,0.007434352,0.007821158,0.007665776,0.007955094,0.007917115,0.009365818,0.009827952,0.009340596,0.009996208,0.01003236
0.001899683,0.001871796,0.001719001,0.001971669,0.001985149,0.002034746,0.001811569,0.001709299,0.001788887,0.001743544,0.001818007,0.002441896,0.002335997,0.002514307,0.002336346,0.002617011,0.002609119,0.002462279,0.002404493,0.002182981,0.002301855,0.002409013,0.002662003,0.002640278,0.002396837,0.002608348,0.003243706,0.00362694,0.00340115,0.003287161,0.003418634,0.00335258,0.003582067,0.003588827,0.003563525,0.003617796,0.003087829,0.003611353,0.003395625,0.003537821,0.00348544,0.00360415,0.003675989,0.003603172,0.006663331,0.006630273,0.006870722,0.006890211,0.006766039,0.006410562,0.006788859,0.009885868,0.009711817,0.009872516,0.009499226,0.009616205,0.007694479,0.007829336,0.008019486,0.008352119,0.007890811,0.01083953,0.01140054,0.01080652,0.0120258,0.01894512,0.01976248,0.01972501,0.02037129,0.02036336,0.02033582,0.01859897,0.01872442,0.02043145,0.01930221
0.001992163,0.002435266,0.003215449,0.003198327,0.003082281,0.002617809,0.002437679,0.002735956,0.002701137,0.003229751,0.003412363,0.003305829,0.003184117,0.002996288,0.003225779,0.003228515,0.002873439,0.003025001,0.00480155,0.004689197,0.004830199,0.004411905,0.004594433,0.004787733,0.004685229,0.004829464,0.004822758,0.004836791,0.004712626,0.00480341,0.004466986,0.00446919,0.004766123,0.004745829,0.005542063,0.005655555,0.007763892,0.007942462,0.007979967,0.00788254,0.007802136,0.007777728,0.007968226,0.007981112,0.008031933,0.007975299,0.007423506,0.007844469,0.007854115,0.007831644,0.007897325,0.007629985,0.008080087,0.007804159,0.007602858,0.007788789,0.007672491,0.008065298,0.007520551,0.00786089,0.008096943,0.007948996,0.008373666,0.00866421,0.008851511,0.008801288,0.008632324,0.008776144,0.00908859,0.008367589,0.008485904,0.01070499,0.01039854,0.009907011,0.009801072
0.001979559,0.002577953,0.002875354,0.002795473,0.002780184,0.002841704,0.002788184,0.002790159,0.002607368,0.002575228,0.002843678,0.003242939,0.0032319,0.003263459,0.004105619,0.003853745,0.004002052,0.003961314,0.003811093,0.003779128,0.003959632,0.003903428,0.003604417,0.003907931,0.003950169,0.003839144,0.003731441,0.004066572,0.004662395,0.004855226,0.00436593,0.004857763,0.004720361,0.004465715,0.004932332,0.004780776,0.004906673,0.004771064,0.004735785,0.004897236,0.004654574,0.004482723,0.004795893,0.004594632,0.004722843,0.004849516,0.004870413,0.004489292,0.004592872,0.004759219,0.004765595,0.005011006,0.004776662,0.004614342,0.004644112,0.004808494,0.004555139,0.005908537,0.005725958,0.005927287,0.00580171,0.005904464,0.005591917,0.005322013,0.00581189,0.005402369,0.005771886,0.005430308,0.005902294,0.005669592,0.005447723,0.006774935,0.006843933,0.006933254,0.006860743
0.003931104,0.003777049,0.003642807,0.003705831,0.004000058,0.003495169,0.003947129,0.004029532,0.003903292,0.003849462,0.00391239,0.004078304,0.003831994,0.00357683,0.003905952,0.003932701,0.003752542,0.003841745,0.003929621,0.00436389,0.004228454,0.004391433,0.004458804,0.004149637,0.004228172,0.004155759,0.004444541,0.004263735,0.004395391,0.004070791,0.004222962,0.004157033,0.004384069,0.004492159,0.004093104,0.004399994,0.004571469,0.004798342,0.004563106,0.005328509,0.005542255,0.005580036,0.005349191,0.005074909,0.005337849,0.005507553,0.005902837,0.00588044,0.005907424,0.005917278,0.00591717,0.005856623,0.005686581,0.00607605,0.006174874,0.005843262,0.005538666,0.005902454,0.006028174,0.005994783,0.005515189,0.005720971,0.006738601,0.006530094,0.00648127,0.007894402,0.007944329,0.007838027,0.007938097,0.007891485,0.007673315,0.007796056,0.007991212,0.009540283,0.009196167
0.001875574,0.001703391,0.002006965,0.001936274,0.001911723,0.00192923,0.001788784,0.001846237,0.001972243,0.002008863,0.00209491,0.002051731,0.002814284,0.00286871,0.002571677,0.002756309,0.00276898,0.00254815,0.00263701,0.002782176,0.002755422,0.002799503,0.002729197,0.002543971,0.002887297,0.002758848,0.002666439,0.003097299,0.00295801,0.003055067,0.002943891,0.003091505,0.002857589,0.002698119,0.003102404,0.003049996,0.003973726,0.003840012,0.003840346,0.003673014,0.003646242,0.003778223,0.00342822,0.01117256,0.01086625,0.01086207,0.01027351,0.01104774,0.01024288,0.01080192,0.01040403,0.01084331,0.01058758,0.01095653,0.0104408,0.01090651,0.01051421,0.02165281,0.02165303,0.02116144,0.02183286,0.021248,0.02118187,0.02139166,0.0210256,0.02194627,0.0257728,0.02588284,0.0256296,0.0258106,0.02576187,0.02572843,0.02560617,0.02652,0.02650485
0.001900267,0.001900743,0.001900174,0.001741145,0.001980135,0.00193587,0.001908852,0.001924687,0.001882221,0.001925025,0.001721874,0.003574032,0.003868244,0.003866829,0.003513732,0.003846776,0.003607707,0.003817764,0.003970895,0.003559593,0.003706921,0.003906666,0.003801048,0.003879004,0.003791751,0.003803671,0.003740388,0.003944967,0.004656232,0.004814006,0.004913996,0.004818446,0.004738445,0.004862617,0.00493947,0.004718096,0.00459583,0.004761869,0.004920726,0.006075596,0.006001191,0.00628287,0.006005637,0.005723811,0.00619077,0.005908616,0.005868388,0.006081774,0.006863073,0.006843734,0.006816818,0.006830372,0.006328731,0.007031853,0.006744079,0.00694876,0.006937512,0.006874538,0.006953182,0.006348622,0.006613321,0.00701972,0.006327137,0.006774673,0.006712314,0.006643178,0.006894253,0.006786461,0.007869933,0.007536781,0.007875802,0.007901337,0.007775384,0.007915353,0.007923098
0.007872352,0.00751102,0.007981638,0.008013762,0.008018886,0.008164081,0.007775332,0.007904603,0.007820491,0.008043378,0.007965622,0.007416436,0.007403161,0.007972792,0.007881295,0.007800756,0.007415317,0.007811506,0.004830793,0.005053943,0.004785305,0.004573976,0.004553825,0.004640868,0.004731305,0.004736919,0.004802426,0.004666238,0.004829789,0.005022382,0.006899015,0.00648327,0.006457916,0.006527371,0.006921466,0.006648161,0.006521,0.006525182,0.007167882,0.006888014,0.006863405,0.00640381,0.006899157,0.006586305,0.006633747,0.006909568,0.006473831,0.006575041,0.006878342,0.006926058,0.006960293,0.006871029,0.006929087,0.006462852,0.007814847,0.007896663,0.00794893,0.007802874,0.007832287,0.00795452,0.009001805,0.009107396,0.00902338,0.008828273,0.009104111,0.009323245,0.009213086,0.01002085,0.01053399,0.01002302,0.01061114,0.009966518,0.01016009,0.01219607,0.01205995
0.00198421,0.001807939,0.001986096,0.002634403,0.002642056,0.002724632,0.00286436,0.002626706,0.002489875,0.002734945,0.002793547,0.002781523,0.002536201,0.002766068,0.003120527,0.002803141,0.002774718,0.003637523,0.004059216,0.003666256,0.004016658,0.003800006,0.003674762,0.003928257,0.00610279,0.005952522,0.006060481,0.00605306,0.006628818,0.00696014,0.007188766,0.007254803,0.006531123,0.006835709,0.006678321,0.007006218,0.00656517,0.006998333,0.007062527,0.006783624,0.00660642,0.007252655,0.007075454,0.007053931,0.006999052,0.007224027,0.007138812,0.007036289,0.006973593,0.007482686,0.007615098,0.008057253,0.00791429,0.00767203,0.008157834,0.008002323,0.00795684,0.007979959,0.007673728,0.007405919,0.007519868,0.007693553,0.007427574,0.007639928,0.007849583,0.008003497,0.007974119,0.007469002,0.00794672,0.007586614,0.007975023,0.008081597,0.008058513,0.008968312,0.009155304
0.001949822,0.0020595,0.002056699,0.001985029,0.001893562,0.001935024,0.001947813,0.001806432,0.001809852,0.001778876,0.001736226,0.001821584,0.001957553,0.001800742,0.001833319,0.00199181,0.003178733,0.003426572,0.003221047,0.003334509,0.003293298,0.003282309,0.003312764,0.004455768,0.004507395,0.004445183,0.004453357,0.004435729,0.005675417,0.006031623,0.005738502,0.00621504,0.006090343,0.006088312,0.005815648,0.005629792,0.006168047,0.005957546,0.006004864,0.006368645,0.006016911,0.005705643,0.005775273,0.005952179,0.005911344,0.006440361,0.006526498,0.006958271,0.006633699,0.006369011,0.007859086,0.007899362,0.007867379,0.007864102,0.009360702,0.009128235,0.009045989,0.009204165,0.009148329,0.009122907,0.007881491,0.007604986,0.007885568,0.00743922,0.007841131,0.007839875,0.009195531,0.009143976,0.009559616,0.009739437,0.009709625,0.01018387,0.009558856,0.009985117,0.009756966
0.001707524,0.001979768,0.002476347,0.002522433,0.002459933,0.002527115,0.002499664,0.002310473,0.002455985,0.002442301,0.002791643,0.002807047,0.002587287,0.002804619,0.002496644,0.002496377,0.00477728,0.004784439,0.004618653,0.004763759,0.00476995,0.004465499,0.004718738,0.004818681,0.005896194,0.006056031,0.005877133,0.005848723,0.006193191,0.005781224,0.006608417,0.006450042,0.00643318,0.006585368,0.00663181,0.007292201,0.007032278,0.007439184,0.007313193,0.008906259,0.009160565,0.008942754,0.008859019,0.008776256,0.008587098,0.008823496,0.008521727,0.008846573,0.00854928,0.008745102,0.008965698,0.00877026,0.009213378,0.008526024,0.008942236,0.008992787,0.00846439,0.009430425,0.009579744,0.009117891,0.009654831,0.009500916,0.009534898,0.009582138,0.009449933,0.009709573,0.009774866,0.01048958,0.01077982,0.01048,0.01065297,0.01062224,0.01051977,0.009983329,0.01021738
0.002030346,0.0018973,0.001867269,0.001916983,0.002664496,0.002237955,0.002242507,0.002457391,0.002448371,0.002489311,0.002330509,0.003274266,0.003062997,0.003237774,0.003324201,0.00327615,0.003292355,0.002962978,0.003263758,0.003164825,0.003772196,0.003840734,0.003862178,0.003690033,0.003898096,0.003997599,0.004620239,0.004455395,0.004186737,0.004374663,0.00427153,0.00441481,0.004353735,0.00445664,0.00452843,0.004305302,0.004093597,0.004352191,0.004423779,0.004352684,0.004468061,0.004388887,0.004392914,0.004425105,0.00474557,0.00447961,0.004608831,0.004528777,0.004221838,0.006064214,0.00624259,0.005963287,0.006093938,0.005793201,0.006141694,0.006103644,0.006152592,0.006862019,0.006624831,0.007002125,0.006907343,0.007084675,0.006391788,0.006627273,0.006993695,0.006558044,0.006872257,0.006758325,0.007007809,0.007050784,0.0100429,0.01037651,0.01051667,0.01009188,0.01019439
0.002014592,0.001768406,0.002457126,0.002508519,0.002464669,0.002367596,0.002190777,0.002359504,0.002249516,0.002195286,0.002219464,0.002338147,0.002502322,0.002435223,0.002479612,0.002422458,0.002497256,0.00244636,0.002200361,0.003246677,0.003213726,0.003102889,0.003069027,0.005102638,0.004479022,0.00455815,0.004584861,0.004870003,0.006179206,0.00603713,0.006094285,0.005989398,0.006095964,0.005992791,0.005774596,0.005888037,0.006129288,0.006029804,0.00604442,0.006042148,0.005981074,0.006049128,0.006461924,0.006061857,0.006122369,0.005722032,0.00613329,0.005704008,0.006066109,0.006239303,0.00632983,0.01011965,0.01025156,0.0117879,0.01181125,0.01262211,0.01257605,0.01262114,0.01254027,0.01204134,0.01246324,0.01230091,0.01216018,0.01193825,0.01242616,0.01220514,0.01336003,0.01309204,0.01300441,0.01406064,0.01412442,0.01381614,0.01397217,0.01347155,0.01353425
0.002053014,0.002025153,0.001850057,0.001813556,0.001956278,0.001790697,0.001930923,0.001784753,0.001767506,0.001831966,0.001961342,0.001861429,0.001760068,0.002035832,0.001893908,0.001993673,0.001821339,0.001958016,0.001934479,0.001768393,0.001961465,0.002223334,0.002277938,0.002423132,0.002498959,0.00253326,0.002388924,0.002328197,0.002402416,0.002268912,0.00243511,0.002259978,0.002247132,0.003351745,0.003265196,0.003247403,0.003089047,0.003169192,0.00338124,0.003004091,0.003100415,0.002902264,0.003413005,0.002979484,0.003259648,0.00439288,0.004795463,0.004854682,0.004857928,0.004752775,0.004854311,0.004757072,0.004419049,0.00458996,0.004951098,0.005604299,0.006075688,0.005640822,0.005916928,0.00571058,0.006025195,0.005808563,0.005652524,0.005618776,0.006272667,0.007016819,0.007567711,0.007076924,0.007649533,0.007720571,0.009242425,0.009258283,0.009247409,0.008747437,0.01052428
0.00211497,0.001836706,0.0020081,0.001983479,0.001849916,0.001931939,0.001948293,0.001785489,0.002033479,0.001870878,0.002001387,0.001930503,0.001833252,0.00204388,0.002015407,0.001999326,0.002046922,0.001970688,0.001982434,0.00201404,0.002045805,0.001845574,0.002496571,0.00243327,0.00246041,0.002425235,0.002547866,0.002247512,0.00237123,0.002274938,0.002546077,0.003017851,0.003044019,0.003146057,0.003363984,0.003012831,0.003227551,0.003575194,0.003574569,0.00362427,0.003899684,0.003508424,0.003675147,0.004074789,0.003804707,0.003758443,0.004631311,0.004589398,0.004803191,0.005302386,0.005318088,0.005290828,0.005356153,0.005409544,0.005559945,0.005357024,0.005564497,0.005802787,0.007006376,0.007012899,0.006834127,0.006753766,0.006891021,0.007092278,0.007931071,0.007977203,0.009270513,0.00940918,0.009272047,0.01032033,0.01032851,0.002099438,0.002084088,0.01133836,0.01089614
0.002061951,0.002094487,0.001942376,0.00173656,0.001950376,0.001835473,0.001781426,0.002113892,0.001985516,0.001967099,0.002025768,0.001957029,0.002060734,0.001882221,0.002010537,0.002034067,0.002060793,0.003033368,0.003048775,0.003009997,0.003226827,0.003211022,0.00310756,0.003233093,0.003217228,0.004500845,0.004511545,0.004631764,0.004713738,0.004755809,0.004768865,0.004406815,0.004758812,0.004562927,0.005037474,0.005322286,0.005687716,0.005231034,0.00564052,0.005628201,0.006041951,0.006041599,0.006118133,0.00597335,0.005921114,0.005892897,0.005702731,0.005873141,0.006075914,0.006009946,0.005911966,0.006134936,0.006066581,0.006338462,0.007217237,0.007142202,0.006710801,0.007111768,0.006953255,0.007256488,0.007086152,0.007192343,0.0077191,0.007525637,0.007667266,0.007649389,0.007318223,0.009042115,0.009193501,0.009145024,0.009965809,0.0100478,0.009453038,0.009494687,0.01028903
0.001991941,0.001953663,0.001815701,0.002027059,0.0017559,0.002045843,0.001839496,0.001872926,0.001997885,0.001922849,0.002044703,0.001975959,0.001993611,0.001965382,0.001988092,0.001799739,0.001828329,0.002017969,0.001879224,0.00200551,0.001808002,0.001975475,0.00199747,0.001984024,0.001822718,0.001778201,0.001966575,0.00480939,0.00434877,0.004540876,0.004754674,0.004745427,0.004509989,0.004855072,0.004827609,0.004844369,0.004980528,0.004770767,0.006768821,0.006937581,0.006900751,0.006842883,0.006916742,0.006731863,0.006496647,0.007068882,0.006510837,0.007890327,0.007734109,0.007879032,0.007726902,0.007671733,0.008054082,0.007774378,0.007925787,0.007518116,0.007469553,0.007994099,0.009296471,0.00881095,0.009076648,0.009092391,0.00916606,0.009033165,0.008609151,0.009036146,0.008808746,0.008728038,0.009246393,0.009241255,0.009040036,0.01013603,0.0105776,0.01050129,0.01002976
0.002115529,0.001814755,0.001983837,0.00202098,0.00186532,0.002022817,0.002044587,0.002077315,0.001947462,0.001993402,0.002039173,0.001955926,0.001969361,0.001961319,0.001965208,0.002004712,0.001974615,0.003019086,0.003197425,0.003051883,0.003238508,0.003328018,0.003271962,0.003092828,0.002968138,0.003043048,0.00300402,0.002937869,0.003317946,0.002955462,0.003063577,0.003242935,0.003296959,0.004816735,0.004767286,0.004798645,0.004468908,0.004991395,0.005052725,0.005240737,0.005310048,0.005369257,0.00525547,0.006336399,0.006036357,0.006010333,0.005824559,0.005684794,0.006064957,0.005731846,0.005755,0.005585106,0.005942129,0.007624921,0.007790606,0.008143072,0.007990276,0.00781656,0.008080474,0.00763387,0.007697701,0.009854871,0.01007891,0.01019933,0.0096865,0.009707731,0.0105667,0.01055752,0.01116294,0.01125005,0.01145462,0.01106283,0.01173165,0.01112527,0.01151204
0.002067516,0.002502033,0.002483985,0.002509264,0.002473549,0.00229474,0.00255924,0.002581925,0.002495113,0.002232783,0.002382041,0.002432144,0.002344017,0.002421801,0.002456169,0.002492246,0.002284305,0.00233319,0.002449773,0.002438878,0.00245831,0.003827251,0.003735412,0.003948591,0.003697055,0.003903845,0.003919242,0.003830811,0.005643982,0.006028542,0.006006265,0.00569518,0.005923269,0.006184526,0.006209423,0.005678869,0.007091885,0.007171927,0.007383776,0.007665245,0.007833697,0.007906925,0.007172252,0.007796294,0.007612429,0.007491822,0.009121931,0.009103757,0.008762139,0.009105167,0.009134704,0.00907711,0.009471715,0.009915242,0.009915779,0.009866811,0.01001648,0.0101129,0.00990006,0.01002123,0.009449346,0.009497202,0.009815252,0.009916645,0.009939726,0.00961552,0.01140233,0.0117475,0.01165983,0.0118725,0.01156096,0.01175136,0.01186223,0.01195488,0.01142745
0.001964921,0.00183538,0.001893368,0.001766816,0.002090309,0.002460835,0.00225091,0.002220026,0.002491222,0.003113322,0.003508369,0.002965176,0.003236424,0.003591552,0.003328127,0.003191489,0.00330677,0.003029904,0.003100418,0.003125519,0.003241452,0.003479573,0.003037845,0.003239202,0.003039841,0.003309771,0.003086348,0.003074008,0.003240241,0.003436775,0.003024137,0.006208702,0.006020333,0.006033457,0.006091852,0.006133208,0.006074078,0.006055678,0.00589743,0.005929607,0.006050167,0.006161693,0.006703298,0.00719648,0.007782789,0.007643373,0.007527846,0.00744028,0.007722482,0.007599778,0.00760295,0.00860451,0.009330793,0.009054858,0.009190167,0.009809876,0.009886024,0.009859895,0.01005175,0.009491133,0.009835503,0.01019355,0.01047285,0.009915315,0.01034965,0.01037397,0.01042516,0.01043173,0.01044888,0.01126711,0.01185446,0.01184075,0.01232844,0.01293805,0.01292054
0.002002516,0.001809753,0.002000545,0.002827108,0.002759337,0.002872046,0.00265608,0.002543557,0.002852077,0.002588208,0.002812995,0.002740998,0.002544392,0.002669707,0.002527659,0.002619273,0.002931668,0.002655002,0.002807223,0.002819256,0.002604237,0.003888255,0.003835508,0.003888489,0.003892066,0.003857772,0.00387305,0.003861477,0.003714239,0.003713438,0.003615974,0.003660013,0.003910219,0.003961783,0.004352441,0.00466105,0.004793268,0.004452731,0.004371325,0.004629182,0.004816931,0.004806124,0.004631561,0.004469284,0.004746113,0.00523722,0.005092423,0.005008117,0.005246511,0.005502303,0.004972298,0.005176695,0.005330605,0.005380381,0.005228556,0.005699154,0.005844974,0.006156174,0.006150711,0.005578386,0.006107225,0.00580122,0.006056363,0.00614972,0.005866657,0.00614561,0.006199061,0.00613887,0.006026907,0.008074975,0.007387606,0.007992513,0.008017932,0.007956296,0.007870992
0.001863197,0.002007663,0.001877671,0.002033948,0.001891741,0.001984257,0.001998591,0.001959638,0.001967913,0.002521106,0.002469938,0.002377108,0.00229592,0.00242792,0.002599695,0.00260812,0.002313909,0.002748166,0.002727457,0.002917142,0.002561769,0.002614633,0.002628947,0.002790465,0.002851631,0.00282173,0.002817348,0.003092984,0.002993061,0.003009464,0.002741098,0.002716909,0.003027319,0.003345636,0.003263689,0.002969414,0.003259417,0.003065633,0.003009622,0.003347419,0.003355514,0.003616066,0.003639339,0.003461431,0.003569175,0.003494789,0.003626372,0.003647776,0.003394165,0.003624078,0.003614581,0.003629495,0.003644408,0.003659321,0.003674234,0.003689147,0.003704061,0.003718974,0.01252405,0.007583205,0.007058122,0.006625397,0.006886946,0.006631505,0.006288519,0.006241981,0.005960495,0.006361557,0.006276577,0.006420942,0.006051611,0.00775789,0.008191874,0.008878792,0.008689059
