-5.06,-5.06,-5.07,-5.06,-5.06,-5.06,-5.06,-5.06,-5.06,-5.07,-5.07,-5.07,-5.06,-5.06,-5.06,-5.06,-5.25,-5.26,-5.26,-5.26,-5.48,-5.48,-5.75,-5.74,-5.74,-5.88,-5.88,-5.88,-5.88,-6.04,-6.06,-6.43,-6.43,-6.43,-6.87,-6.88,-6.87,-7.38,-7.38,-7.65,-7.64,-7.93,-7.93,-7.93,-7.93,-8.06,-8.04,-8.06,-8.16,-8.16,-8.16,-8.42,-8.41,-8.41,-8.41,-8.41,-8.53,-8.54,-8.71,-8.72,-8.71,-8.9,-8.9,-9.11,-9.1,-9.44,-9.44,-9.1,-9.71,-9.86,-9.84,-9.71,-9.86,-5.02,-5.02
-5.02,-5.02,-5.04,-5.02,-5.02,-6.02,-6.02,-6.02,-6.84,-6.84,-7.35,-7.35,-7.33,-7.35,-5.7,-5.7,-5.7,-6.01,-6.01,-6.84,-6.83,-6.84,-6.83,-6.84,-7.35,-7.33,-7.33,-7.33,-7.33,-7.89,-7.89,-7.89,-7.9,-8.19,-8.19,-6.01,-6.01,-6.84,-6.84,-6.84,-6.84,-7.33,-7.33,-7.33,-7.35,-7.35,-7.9,-7.9,-7.9,-7.9,-7.89,-8.18,-8.19,-8.19,-8.19,-8.51,-8.51,-6.84,-6.84,-6.02,-6.4,-6.4,-6.4,-6.39,-7.35,-7.35,-7.35,-7.35,-7.89,-8.51,-8.81,-9.08,-9.08,-5.04,-5.04
-5.44,-5.7,-5.7,-6.4,-6.4,-6.4,-6.41,-6.4,-6.4,-6.39,-6.39,-6.4,-6.39,-6.39,-6.39,-6.39,-6.39,-6.39,-6.39,-6.39,-6.39,-32.51,-32.55,-32.51,-32.56,-32.54,-7.93,-7.94,-7.93,-7.93,-7.93,-7.93,-7.93,-7.93,-7.93,-7.93,-7.93,-7.93,-7.93,-8.21,-8.21,-8.22,-8.21,-8.22,-8.22,-8.41,-8.41,-8.42,-8.41,-8.41,-8.4,-8.39,-8.4,-8.4,-8.64,-8.64,-8.64,-8.64,-8.89,-8.89,-8.9,-9.04,-9.03,-9.04,-9.03,-9.17,-9.16,-9.16,-9.29,-32.45,-32.57,-32.58,-8.52,-5.04,-5.04
-5.04,-5.04,-5.7,-5.71,-5.7,-5.7,-6.02,-6.02,-6.4,-6.4,-6.4,-6.84,-6.84,-6.84,-6.84,-7.35,-7.35,-7.35,-7.35,-7.51,-7.51,-7.51,-7.51,-7.68,-7.68,-7.68,-7.69,-7.8,-7.8,-7.8,-7.84,-7.86,-7.83,-7.84,-7.84,-7.83,-7.84,-7.84,-7.84,-7.84,-7.96,-7.96,-7.96,-7.96,-7.95,-7.95,-7.96,-7.95,-7.95,-7.96,-7.96,-7.95,-7.96,-7.95,-7.96,-7.96,-7.96,-8.19,-8.19,-8.19,-8.32,-8.32,-8.32,-8.39,-8.39,-8.39,-8.39,-8.62,-8.62,-8.62,-8.73,-8.74,-8.87,-5.04,-5.04
-5.02,-5.02,-5.02,-5.02,-5.02,-5.02,-5.02,-5.02,-5.02,-5.02,-5.02,-5.71,-5.7,-5.7,-5.7,-5.7,-6.4,-6.84,-6.84,-7.35,-7.33,-7.89,-7.89,-7.62,-7.62,-7.62,-7.62,-7.5,-7.09,-7.09,-6.84,-6.83,-7.24,-7.25,-7.25,-7.49,-7.5,-7.72,-7.72,-7.83,-7.83,-8.08,-8.07,-8.08,-8.19,-8.19,-8.19,-8.38,-8.38,-8.5,-8.51,-8.68,-8.68,-8.81,-8.81,-8.94,-8.94,-9.01,-9.03,-9.01,-9.15,-9.13,-9.33,-9.33,-9.32,-9.33,-9.46,-9.46,-9.45,-9.67,-9.67,-9.68,-9.81,-5.04,-5.02
-5.44,-5.44,-5.7,-5.7,-6.02,-6.01,-6.39,-6.39,-6.39,-6.83,-6.83,-6.83,-7.07,-7.07,-7.07,-7.07,-7.23,-7.23,-7.24,-7.33,-7.33,-7.32,-7.33,-7.33,-7.62,-7.62,-7.61,-7.62,-7.62,-7.5,-7.5,-7.5,-7.8,-7.78,-7.78,-7.78,-7.78,-7.78,-7.78,-7.78,-7.78,-7.78,-7.78,-7.78,-7.78,-7.78,-7.78,-7.78,-8.18,-8.18,-8.19,-8.18,-8.19,-8.38,-8.38,-8.38,-8.38,-8.39,-8.38,-8.38,-8.61,-8.6,-8.6,-8.6,-8.07,-8.08,-8.07,-8.07,-8.38,-8.38,-8.38,-8.5,-8.48,-5.06,-5.06
-5.06,-5.05,-5.06,-5.06,-5.06,-5.06,-5.46,-5.46,-5.46,-5.46,-5.48,-5.48,-5.46,-5.48,-5.46,-5.48,-5.46,-6.06,-6.06,-6.06,-6.04,-6.04,-6.06,-6.04,-6.04,-6.04,-6.04,-6.04,-6.04,-6.04,-6.04,-6.04,-6.04,-6.04,-6.04,-6.04,-6.85,-6.86,-6.86,-7.37,-7.36,-7.93,-7.93,-7.93,-7.93,-8.21,-8.22,-8.22,-8.22,-8.22,-8.22,-8.21,-8.21,-8.22,-8.22,-8.41,-8.42,-8.42,-8.42,-8.41,-8.41,-8.65,-8.64,-8.65,-8.64,-8.65,-8.71,-8.71,-8.84,-8.84,-8.84,-9.03,-9.03,-5.06,-5.06
-5.06,-5.06,-5.06,-5.06,-5.06,-5.06,-5.06,-5.06,-5.06,-5.06,-5.46,-5.46,-5.73,-5.74,-5.73,-5.74,-5.73,-5.74,-5.74,-5.74,-5.74,-5.74,-6.04,-6.04,-6.04,-6.03,-6.86,-6.86,-6.86,-6.86,-6.86,-6.86,-6.86,-7.37,-7.36,-7.36,-7.37,-7.37,-7.36,-7.37,-7.36,-7.37,-7.36,-7.36,-7.37,-7.36,-7.64,-7.63,-7.64,-7.87,-7.87,-7.86,-8.21,-8.22,-8.21,-7.92,-7.93,-8.1,-8.1,-7.64,-7.63,-7.64,-7.75,-7.75,-8.21,-8.21,-8.39,-8.4,-8.4,-8.52,-8.52,-8.52,-8.52,-5.05,-5.05
-5.06,-5.05,-5.06,-5.06,-5.06,-5.46,-5.73,-5.73,-6.03,-6.03,-6.04,-6.04,-6.03,-6.03,-6.03,-6.03,-6.04,-6.03,-6.03,-6.04,-6.04,-6.03,-6.03,-6.03,-6.04,-6.86,-6.86,-6.87,-6.86,-6.86,-6.87,-6.86,-6.86,-6.86,-6.86,-7.64,-7.64,-7.63,-7.63,-7.64,-7.63,-7.64,-7.63,-7.63,-7.64,-7.64,-7.64,-7.92,-7.92,-7.92,-7.92,-7.92,-7.92,-7.92,-7.92,-7.92,-7.92,-7.92,-7.92,-8.15,-8.14,-8.15,-8.14,-8.15,-8.15,-8.12,-8.1,-8.12,-8.1,-8.1,-8.12,-8.12,-8.12,-5.01,-5.02
-5.02,-5.02,-5.69,-5.69,-5.69,-5.69,-5.69,-5.69,-5.69,-5.69,-5.69,-5.68,-5.69,-5.69,-5.69,-5.69,-5.69,-5.69,-5.69,-6.38,-6.37,-6.38,-6.38,-6.38,-6.38,-6.38,-6.38,-6.38,-6.38,-6.38,-6.38,-6.38,-6.38,-6.38,-6.38,-6.38,-6.38,-6.38,-6.38,-7.33,-7.36,-7.36,-7.36,-7.36,-7.36,-7.36,-7.36,-7.36,-7.92,-7.93,-7.92,-7.93,-7.92,-7.93,-7.93,-7.92,-7.92,-7.92,-7.9,-7.92,-7.9,-7.92,-7.9,-7.92,-7.92,-7.9,-7.9,-7.92,-7.9,-7.9,-7.92,-8.33,-8.52,-8.51,-8.52
-8.52,-5.17,-5.17,-5.17,-5.17,-5.13,-5.14,-6.19,-6.18,-6.4,-6.37,-6.28,-6.32,-6.37,-6.35,-6.35,-6.35,-6.35,-6.35,-7,-7,-7,-7,-7.02,-6.97,-7,-7,-6.97,-7.32,-7.35,-7.35,-7.35,-7.31,-7.31,-7.5,-7.51,-7.51,-7.51,-7.51,-7.48,-7.51,-7.39,-7.75,-7.78,-8.06,-8.07,-8.1,-8.08,-8.36,-8.4,-8.36,-8.29,-8.29,-8.38,-8.35,-8.38,-8.36,-8.36,-8.4,-8.36,-8.54,-8.54,-8.55,-8.59,-8.59,-8.54,-8.54,-8.66,-8.66,-8.8,-8.79,-8.98,-9.04,-9.04,-9.04
-9.04,-5.13,-5.12,-5.13,-5.08,-5.13,-5.13,-5.17,-5.18,-5.01,-5.58,-5.58,-5.57,-5.58,-5.58,-5.7,-5.71,-5.7,-5.71,-5.7,-5.86,-5.86,-5.86,-6.16,-6.16,-6.55,-6.55,-6.51,-6.51,-6.55,-6.54,-6.51,-6.55,-6.55,-7,-7,-6.99,-6.99,-7.04,-6.99,-6.99,-6.99,-6.99,-6.99,-6.99,-6.99,-6.99,-7,-6.91,-6.99,-7.03,-7,-7.03,-6.87,-6.91,-7.03,-6.99,-7.24,-7.24,-7.2,-7.24,-7.29,-7.25,-7.55,-7.56,-7.54,-7.5,-7.5,-7.82,-7.67,-7.82,-7.84,-8.16,-8.21,-8.33
-8.44,-5.17,-5.2,-5.19,-5.57,-5.56,-5.57,-5.57,-5.45,-5.58,-5.57,-5.53,-6.16,-6.21,-6.16,-6.09,-6.16,-6.21,-6.2,-6.13,-6.46,-6.54,-6.94,-7.28,-7.25,-7.5,-7.51,-7.51,-7.55,-7.54,-7.38,-7.77,-7.82,-7.77,-7.77,-7.78,-7.81,-7.77,-7.82,-7.82,-8.12,-8.1,-8.1,-8.06,-8.07,-8.1,-8.06,-8.23,-8.23,-8.22,-8.27,-8.23,-8.22,-8.26,-8.27,-8.27,-8.27,-8.22,-8.27,-8.39,-8.4,-8.4,-8.39,-8.39,-8.35,-8.47,-8.46,-8.51,-8.51,-8.64,-8.6,-8.47,-8.42,-8.44,-8.51
-8.5,-5.04,-5.16,-5.04,-5.14,-5.11,-5.16,-5.16,-5.08,-5.16,-5.16,-5.84,-5.73,-5.84,-5.86,-5.89,-5.84,-5.84,-6.2,-6.16,-6.16,-6.2,-6.16,-6.16,-6.2,-6.15,-6.16,-6.08,-6.51,-6.59,-6.58,-6.43,-6.59,-6.58,-6.54,-6.51,-6.59,-6.54,-6.54,-6.92,-7,-7,-7.04,-6.92,-7,-7.03,-6.99,-6.99,-7.03,-6.98,-6.99,-7.5,-7.54,-7.54,-7.5,-7.5,-7.54,-7.5,-7.82,-7.81,-7.78,-7.81,-7.77,-7.78,-7.78,-7.82,-7.78,-7.78,-7.78,-7.78,-7.74,-7.78,-7.81,-8.06,-8.02
-8.06,-5.17,-5.16,-5.07,-5.2,-5.16,-5.17,-5.17,-5.62,-5.58,-5.53,-5.88,-6.58,-7.03,-7.19,-7.29,-7.2,-7.29,-7.29,-7.24,-7.55,-7.51,-7.51,-7.5,-7.5,-7.55,-7.68,-7.67,-7.63,-7.67,-7.68,-7.71,-7.6,-7.62,-7.69,-7.7,-7.67,-7.7,-7.7,-7.68,-7.67,-7.7,-7.71,-7.67,-7.7,-7.82,-7.82,-8,-8.04,-8.01,-8.04,-8.25,-8.15,-8.2,-8.23,-8.23,-8.23,-8.39,-8.44,-8.48,-8.47,-8.47,-8.48,-8.44,-8.61,-8.65,-8.53,-8.61,-8.6,-8.53,-8.6,-8.27,-8.27,-8.23,-8.27
-8.16,-5.16,-5.12,-5.17,-5.16,-5.17,-5.16,-5.16,-5.16,-5.16,-5.17,-5.16,-5.16,-5.16,-5.17,-5.16,-5.16,-5.16,-5.17,-5.17,-5.17,-5.17,-5.17,-5.17,-5.2,-5.13,-5.86,-5.84,-5.81,-5.89,-5.82,-5.86,-5.86,-5.86,-5.86,-5.89,-6.18,-6.09,-6.55,-6.55,-6.55,-6.55,-6.55,-6.55,-6.55,-6.55,-6.55,-6.55,-7,-7,-7,-7,-7,-6.99,-7,-6.99,-7.51,-7.47,-7.51,-7.8,-7.83,-8.01,-8.09,-8.09,-8.13,-8.25,-8.25,-8.25,-8.34,-8.36,-8.48,-8.52,-8.4,-8.66,-8.53
-8.61,-5.19,-5.19,-5.19,-5.19,-5.16,-5.18,-5.19,-5.16,-5.14,-5.11,-5.19,-5.16,-5.19,-5.16,-5.2,-5.19,-5.2,-5.2,-5.08,-5.16,-5.19,-5.11,-5.14,-5.11,-5.14,-5.19,-5.16,-5.6,-5.57,-5.6,-5.62,-5.52,-5.62,-5.57,-5.6,-6.16,-6.2,-6.2,-6.12,-6.2,-6.2,-6.2,-6.2,-6.16,-6.16,-6.16,-6.2,-6.04,-7.03,-6.87,-7.54,-7.5,-7.42,-7.5,-7.5,-7.77,-7.78,-7.82,-7.78,-7.78,-7.77,-7.81,-8,-8.04,-7.96,-8.03,-8.03,-8,-8.29,-8.51,-8.51,-8.58,-8.59,-8.54
-8.58,-5.16,-5.16,-5.12,-5.19,-5.49,-5.58,-5.6,-5.53,-5.81,-5.84,-5.89,-6.16,-6.2,-6.99,-6.96,-7.04,-7.29,-7.24,-7.24,-7.35,-7.35,-7.49,-7.49,-7.49,-7.68,-7.7,-7.71,-7.78,-7.82,-7.99,-7.95,-7.95,-8.13,-8.04,-8.13,-8.16,-8.15,-8.18,-8.16,-8.13,-8.12,-8.29,-8.34,-8.33,-8.34,-8.34,-8.29,-8.34,-8.33,-8.34,-8.26,-8.29,-8.34,-8.27,-8.42,-8.35,-8.46,-8.47,-8.47,-8.45,-8.52,-8.48,-8.52,-8.12,-8.07,-7.93,-7.93,-7.93,-8.04,-7.97,-7.96,-8.18,-8.21,-8.13
-8.18,-5.16,-5.19,-5.2,-5.08,-5.12,-5.2,-5.12,-5.12,-5.16,-5.16,-5.19,-5.16,-5.19,-5.07,-5.19,-5.11,-5.19,-5.16,-5.19,-5.19,-5.16,-5.16,-5.19,-5.16,-5.16,-5.2,-5.12,-5.16,-5.16,-5.2,-5.16,-5.08,-5.12,-5.12,-5.12,-5.16,-5.16,-5.16,-6.04,-6.2,-6.2,-6.55,-6.58,-6.98,-6.94,-6.99,-7.24,-7.24,-7.43,-7.39,-7.48,-7.44,-7.39,-7.67,-7.69,-7.7,-7.77,-7.82,-7.92,-7.92,-7.88,-7.93,-8.03,-8,-7.89,-7.96,-8.04,-7.93,-8.04,-8.13,-8.18,-8.18,-8.28,-8.28
-8.31,-5.19,-5.11,-5.16,-5.19,-5.53,-5.53,-5.84,-5.89,-5.89,-5.84,-5.89,-5.81,-5.84,-6.16,-6.16,-6.54,-6.59,-7.54,-7.55,-7.77,-7.78,-7.95,-7.97,-8.09,-8.09,-8.13,-8.2,-8.21,-8.04,-8.25,-8.33,-8.33,-8.29,-8.33,-8.28,-8.29,-8.33,-8.34,-8.29,-8.33,-8.33,-7.78,-7.7,-7.82,-7.55,-7.38,-7.22,-7.3,-7.33,-7.55,-7.55,-7.8,-7.87,-8.1,-8.12,-8.21,-8.21,-8.21,-8.33,-8.29,-8.1,-8.02,-8.02,-7.83,-7.83,-7.88,-7.87,-7.84,-7.92,-7.92,-7.92,-7.84,-7.93,-7.92
-5.14,-5.14,-5.14,-5.56,-5.59,-5.55,-5.59,-5.59,-5.56,-5.55,-5.55,-5.58,-5.58,-5.58,-5.59,-5.58,-5.58,-5.58,-5.58,-5.58,-6.16,-6.13,-6.13,-6.18,-6.16,-6.18,-6.13,-6.16,-6.16,-6.16,-6.18,-6.13,-6.18,-6.55,-7,-7.02,-7.02,-7.02,-7.02,-7.02,-7.02,-7.02,-6.97,-7.02,-7.02,-7,-6.97,-7.52,-7.52,-7.44,-7.51,-7.48,-7.55,-7.51,-7.51,-7.51,-7.51,-7.51,-7.51,-7.47,-7.51,-7.78,-7.82,-7.78,-7.82,-7.78,-7.82,-7.78,-7.78,-7.82,-7.78,-7.8,-7.84,-7.89,-7.95
-7.94,-5.17,-5.17,-5.17,-5.12,-5.16,-5.17,-5.17,-5.12,-5.12,-5.17,-5.17,-5.17,-5.12,-5.17,-5.13,-5.18,-5.59,-5.59,-5.63,-5.55,-5.6,-5.6,-6.19,-6.18,-6.19,-6.1,-6.18,-6.19,-6.14,-6.14,-6.18,-6.55,-6.55,-6.59,-6.59,-6.52,-6.55,-6.51,-6.55,-6.55,-6.55,-7,-6.99,-7,-7,-6.99,-7,-7,-6.96,-7,-7,-7,-7.48,-7.55,-7.48,-7.51,-7.51,-7.51,-7.51,-7.43,-7.78,-7.75,-7.8,-7.8,-7.8,-8.04,-7.97,-8.01,-8.02,-8.07,-8.02,-8.01,-8.02,-8.09
-5.12,-5.17,-5.17,-5.17,-6.59,-6.55,-6.55,-7,-7,-7,-7.31,-7.31,-7.28,-7.51,-7.52,-7.52,-7.51,-7.51,-7.52,-7.51,-7.8,-7.71,-7.8,-7.8,-7.78,-7.74,-7.78,-7.78,-7.78,-7.78,-7.75,-7.82,-7.78,-7.75,-7.78,-7.78,-7.78,-7.78,-7.78,-7.8,-7.75,-7.82,-7.75,-7.95,-7.96,-8.08,-8.08,-8.08,-8.22,-8.19,-8.15,-8.26,-8.38,-8.38,-8.25,-8.25,-8.14,-8.18,-8.18,-8.18,-8.08,-8.07,-8.08,-8.03,-8.07,-8.07,-8.07,-8.19,-8.15,-8.19,-8.31,-8.26,-8.21,-8.25,-8.25
-5.17,-5.16,-5.17,-5.16,-5.12,-5.12,-5.17,-5.17,-5.12,-5.17,-5.17,-5.17,-5.17,-5.17,-5.16,-5.17,-5.58,-5.53,-5.58,-5.58,-5.53,-5.58,-5.58,-6.18,-6.14,-6.18,-6.14,-6.13,-6.18,-32.44,-32.5,-32.45,-5.82,-5.82,-5.87,-5.86,-5.86,-6.14,-6.18,-6.18,-6.18,-6.18,-6.14,-6.18,-6.19,-6.18,-6.19,-6.14,-6.57,-6.52,-6.57,-6.52,-6.53,-6.53,-6.57,-6.53,-6.52,-6.52,-6.57,-6.57,-6.57,-7,-7,-6.93,-7.52,-7.51,-7.51,-7.78,-7.83,-7.8,-7.96,-7.92,-7.96,-8.31,-8.32
-5.13,-5.13,-5.13,-5.18,-5.13,-5.63,-5.55,-5.55,-5.58,-5.59,-5.86,-5.86,-5.86,-5.86,-5.86,-5.86,-5.82,-5.82,-6.18,-6.18,-6.13,-6.19,-6.18,-32.49,-32.48,-32.44,-6.19,-6.1,-6.18,-6.18,-6.14,-6.18,-6.37,-6.33,-6.37,-6.37,-6.37,-6.37,-6.37,-6.37,-6.33,-6.37,-6.49,-6.45,-6.49,-6.45,-6.48,-6.45,-6.74,-6.7,-6.7,-6.7,-7,-6.97,-7.02,-7.02,-6.96,-7.31,-7.26,-7.26,-32.5,-32.54,-32.41,-32.39,-32.5,-32.51,-6.52,-6.52,-6.52,-6.52,-6.55,-6.53,-7.48,-7.48,-8.03
-5.18,-5.17,-5.17,-5.17,-5.18,-5.17,-5.18,-5.17,-5.17,-5.17,-5.17,-5.59,-5.59,-5.59,-5.59,-6.19,-6.19,-6.19,-6.19,-6.38,-6.37,-6.38,-6.41,-6.41,-6.45,-6.45,-6.49,-6.49,-6.61,-6.61,-6.6,-6.7,-6.7,-6.7,-6.7,-6.92,-6.92,-6.92,-6.92,-6.92,-7.06,-7.06,-7.06,-7.06,-7.06,-7.06,-7.06,-7.06,-7.07,-7.06,-7.54,-7.54,-7.52,-7.54,-7.81,-7.81,-7.81,-7.81,-7.81,-7.81,-7.81,-7.81,-7.97,-7.97,-7.97,-7.97,-8.09,-8.09,-8.09,-8.26,-8.27,-8.39,-8.38,-8.39,-8.39
-5.17,-5.17,-5.17,-5.17,-5.17,-5.86,-5.86,-5.86,-6.18,-6.19,-6.57,-6.57,-6.55,-7.02,-7.02,-7.02,-7.2,-7.2,-7.37,-7.36,-7.37,-7.52,-7.54,-7.52,-7.52,-7.54,-7.54,-7.52,-7.52,-7.52,-7.52,-7.52,-7.52,-7.52,-7.52,-7.52,-7.8,-7.81,-7.81,-7.84,-7.84,-8.08,-8.09,-8.08,-8.19,-8.2,-8.38,-8.39,-8.39,-8.39,-8.39,-8.39,-8.38,-8.46,-8.45,-8.64,-8.64,-8.64,-8.68,-8.68,-8.82,-8.82,-8.82,-8.87,-8.87,-8.87,-8.87,-8.87,-8.87,-8.87,-8.87,-8.86,-8.86,-8.86,-8.68
-5.17,-5.18,-5.18,-5.18,-5.17,-5.17,-5.18,-5.18,-5.17,-5.17,-5.16,-5.16,-5.17,-5.16,-5.17,-5.17,-5.58,-5.59,-5.58,-6.18,-7.02,-7.02,-7.02,-7.31,-7.31,-7.47,-7.48,-7.47,-7.81,-7.81,-7.81,-8.09,-8.09,-8.2,-8.21,-8.2,-8.39,-8.4,-8.09,-8.09,-8.09,-7.97,-7.97,-7.81,-7.81,-7.68,-7.69,-7.69,-7.69,-7.69,-7.69,-7.7,-8.09,-8.08,-8.1,-8.09,-8.09,-8.2,-8.2,-8.26,-8.26,-8.26,-8.27,-8.26,-8.27,-8.26,-8.26,-8.26,-8.26,-8.26,-8.26,-8.26,-8.26,-8.26,-8.26
-5.17,-5.17,-5.16,-5.17,-5.17,-5.17,-5.17,-5.17,-5.17,-5.16,-5.16,-5.17,-5.17,-5.17,-5.17,-5.17,-5.17,-5.58,-5.58,-5.58,-5.59,-5.58,-5.59,-5.58,-5.58,-5.59,-5.59,-5.58,-5.58,-5.59,-5.58,-5.58,-5.58,-5.59,-5.59,-5.58,-6.18,-6.18,-6.18,-6.16,-6.18,-6.18,-6.16,-6.55,-6.55,-6.55,-6.55,-6.55,-6.55,-6.55,-6.55,-7.02,-7,-7,-7,-7,-7,-7.52,-7.51,-7.52,-7.42,-7.41,-7.42,-7.26,-7.26,-7.47,-7.48,-7.48,-7.48,-7.47,-7.48,-7.69,-7.69,-7.69,-7.75
-5.17,-5.18,-5.18,-5.18,-5.17,-5.17,-5.17,-5.17,-5.17,-5.58,-5.59,-5.58,-5.59,-5.58,-5.58,-5.58,-5.58,-5.58,-5.58,-5.58,-5.58,-5.86,-5.86,-5.86,-5.86,-5.86,-5.86,-5.86,-5.86,-5.86,-5.86,-5.86,-6.18,-6.18,-6.18,-6.19,-6.19,-6.19,-6.19,-6.19,-6.19,-6.19,-6.18,-6.18,-6.57,-6.58,-6.57,-6.57,-6.57,-6.78,-6.77,-6.77,-7,-7,-7.02,-7.51,-7.51,-7.68,-7.68,-7.8,-7.8,-7.89,-7.9,-7.89,-7.89,-7.9,-7.89,-7.9,-7.9,-8.02,-8.01,-8.02,-8.02,-8.02,-8.02
-5.17,-5.16,-5.16,-5.16,-5.16,-5.57,-5.58,-5.58,-5.58,-5.58,-5.58,-5.58,-5.58,-5.59,-5.58,-5.86,-5.86,-5.86,-5.86,-5.86,-5.86,-5.86,-5.86,-5.84,-5.86,-5.86,-5.84,-6.16,-6.16,-6.18,-6.16,-6.55,-6.55,-6.55,-6.55,-6.55,-6.55,-6.55,-6.55,-6.55,-6.55,-7,-7.25,-7.25,-7.25,-7.25,-7.26,-7.26,-7.26,-7.25,-7.25,-7.25,-7.25,-7.25,-7.25,-7.25,-7.25,-7.25,-7.24,-7.95,-7.95,-7.95,-7.96,-7.95,-7.95,-7.95,-8.01,-8.01,-8.01,-8.14,-8.13,-8.14,-8.13,-8.13,-8.14
-5.14,-5.16,-5.16,-5.16,-5.16,-5.14,-5.16,-5.16,-5.16,-5.16,-5.16,-5.17,-5.58,-5.58,-5.57,-5.57,-5.58,-5.58,-5.57,-5.58,-5.58,-5.57,-5.57,-5.58,-5.58,-5.59,-5.58,-5.58,-5.58,-5.58,-5.57,-5.57,-6.18,-6.16,-6.18,-6.16,-6.18,-6.18,-6.16,-6.18,-6.16,-6.55,-6.55,-6.55,-6.55,-6.55,-6.55,-6.55,-6.55,-6.55,-6.55,-6.55,-7,-7,-7,-7,-7,-7,-7,-7,-7,-7,-7,-7,-7,-7.51,-7.5,-7.51,-7.51,-7.5,-8.07,-8.07,-8.36,-8.38,-8.38
-5.16,-5.16,-5.16,-5.16,-5.16,-5.16,-5.16,-5.17,-5.16,-5.16,-5.17,-5.16,-5.16,-5.16,-5.16,-5.16,-5.16,-5.14,-5.16,-5.16,-5.84,-5.84,-6,-6.18,-6.16,-6.16,-6.18,-6.35,-6.35,-6.52,-6.52,-6.52,-6.52,-6.52,-6.67,-6.67,-6.67,-6.77,-6.77,-6.99,-6.99,-7.5,-7.51,-7.51,-7.68,-7.67,-7.68,-7.78,-7.78,-7.78,-7.78,-7.89,-8.01,-8.01,-8.01,-8.07,-8.07,-8.18,-8.18,-8.18,-8.19,-8.18,-8.18,-8.19,-8.19,-8.19,-8.19,-8.19,-8.18,-8.19,-8.19,-8.19,-8.18,-8.18,-8.38
-8.38,-8.36,-5.16,-5.16,-5.16,-5.16,-5.16,-5.16,-5.16,-5.16,-5.14,-5.16,-5.16,-5.14,-5.57,-5.57,-5.57,-5.57,-5.57,-5.57,-5.57,-5.57,-5.57,-6.16,-6.16,-6.16,-6.16,-6.16,-6.16,-6.16,-6.55,-7,-7,-7.51,-7.51,-7.51,-7,-7,-6.55,-6.55,-7,-7,-7,-6.55,-6.55,-7,-7,-7,-6.99,-7,-6.99,-6.99,-7,-32.44,-6.53,-6.53,-6.53,-6.76,-6.79,-6.78,-6.79,-6.79,-6.79,-6.79,-6.79,-6.79,-6.79,-6.79,-6.79,-6.79,-6.79,-7.03,-7.03,-7.03,-7.03
-5.19,-5.19,-5.19,-5.19,-5.19,-5.19,-5.19,-5.19,-5.19,-5.19,-5.18,-5.18,-5.19,-5.19,-5.19,-5.88,-5.88,-5.88,-5.88,-6.2,-6.2,-6.2,-6.2,-6.31,-6.31,-6.31,-6.42,-6.42,-6.42,-6.55,-6.54,-6.54,-6.71,-6.7,-6.84,-6.84,-6.98,-6.98,-7.04,-7.03,-7.04,-7.04,-7.13,-7.12,-7.12,-7.28,-7.28,-7.43,-7.43,-7.6,-7.6,-7.76,-7.77,-7.76,-7.93,-7.93,-7.92,-8.1,-8.1,-8.1,-8.27,-8.28,-8.46,-8.47,-8.65,-8.65,-8.64,-8.7,-8.7,-8.71,-8.7,-8.7,-8.7,-8.7,-8.71
-5.18,-5.18,-5.18,-5.38,-5.38,-5.6,-5.88,-5.89,-6.2,-6.2,-6.59,-6.58,-7.03,-7.04,-7.04,-7.29,-7.29,-7.29,-6.2,-6.21,-6.39,-6.39,-6.39,-6.59,-6.58,-6.58,-7.03,-7.03,-7.03,-7.28,-7.28,-7.26,-7.43,-7.43,-7.43,-7.54,-7.54,-7.71,-7.71,-7.92,-7.93,-7.93,-6.59,-6.59,-6.79,-6.79,-7.03,-7.03,-7.04,-7.03,-7.04,-7.03,-7.03,-7.29,-7.28,-7.43,-7.43,-7.54,-7.55,-7.7,-7.7,-7.81,-7.03,-7.03,-7.03,-7.28,-7.42,-7.43,-7.55,-7.54,-7.7,-7.7,-7.7,-7.7,-7.69
-5.19,-5.18,-5.19,-5.19,-5.18,-5.19,-5.18,-5.18,-5.19,-5.18,-5.18,-5.18,-5.18,-5.18,-5.18,-5.18,-5.18,-5.18,-5.18,-5.18,-5.17,-5.18,-5.18,-5.17,-5.17,-5.17,-5.17,-5.17,-5.17,-5.17,-5.17,-5.17,-5.87,-5.87,-5.87,-5.87,-5.86,-5.86,-6.19,-6.19,-6.18,-6.57,-6.58,-6.57,-7.02,-7,-7,-7.25,-7.25,-7.26,-7.26,-7.25,-7.26,-7.41,-7.41,-7.8,-7.81,-7.8,-7.8,-7.8,-7.81,-7.96,-7.96,-7.96,-7.95,-8.08,-8.08,-8.07,-8.25,-8.23,-8.36,-8.36,-8.36,-8.55,-8.54
-5.16,-5.14,-5.84,-5.84,-5.84,-5.84,-5.84,-5.83,-5.84,-5.84,-5.83,-5.84,-6.16,-6.16,-6.16,-6.16,-6.16,-6.16,-6.16,-6.16,-6.16,-6.15,-6.15,-6.38,-6.38,-6.38,-6.38,-6.38,-6.38,-6.38,-6.37,-6.38,-6.38,-6.38,-6.38,-6.74,-6.73,-6.74,-6.74,-6.74,-6.74,-6.74,-6.76,-6.74,-6.74,-6.74,-6.74,-6.98,-6.98,-6.98,-6.98,-7.32,-7.32,-7.32,-7.32,-7.32,-7.32,-7.32,-7.32,-7.32,-7.32,-7.32,-7.31,-7.31,-7.32,-7.32,-7.31,-7.32,-7.49,-7.49,-7.64,-7.64,-7.64,-7.64,-7.75
-5.13,-5.13,-5.13,-5.12,-6.14,-6.14,-6.13,-6.52,-6.52,-6.64,-6.64,-6.72,-6.86,-6.86,-6.97,-6.96,-7.2,-7.22,-7.2,-7.2,-7.19,-7.2,-7.2,-7.2,-7.2,-7.2,-7.2,-7.2,-7.47,-7.47,-7.47,-7.48,-7.43,-7.48,-7.48,-7.47,-7.47,-7.47,-7.47,-7.74,-7.74,-7.84,-7.84,-7.84,-7.99,-8.02,-8.02,-8.02,-8.02,-8.2,-8.23,-8.2,-8.2,-8.2,-8.2,-8.2,-8.19,-8.26,-8.26,-8.29,-8.25,-8.21,-8.26,-8.25,-8.26,-8.03,-8.03,-8.02,-7.99,-8.02,-8.03,-8.02,-8.02,-8.01,-7.97
-5.13,-5.13,-5.12,-5.13,-5.12,-5.12,-5.12,-5.08,-5.08,-5.12,-5.12,-5.12,-5.12,-5.12,-5.12,-5.12,-5.12,-5.13,-5.12,-5.12,-5.13,-5.13,-5.13,-5.13,-5.13,-5.13,-5.14,-5.13,-5.13,-5.13,-5.13,-5.33,-5.33,-5.33,-5.33,-5.33,-5.33,-5.33,-5.34,-5.33,-5.34,-5.33,-5.34,-5.33,-5.33,-5.33,-5.33,-5.33,-5.34,-5.33,-6.14,-6.14,-6.14,-6.14,-6.09,-6.52,-6.52,-6.52,-6.52,-6.51,-6.52,-6.51,-6.49,-6.51,-6.51,-6.51,-6.51,-6.96,-6.96,-7.47,-7.74,-7.74,-8.02,-8.02,-8.03
-5.13,-5.13,-5.13,-5.13,-5.13,-5.14,-5.14,-5.13,-5.14,-5.13,-5.14,-5.14,-5.14,-5.13,-5.14,-5.14,-5.13,-5.13,-5.14,-5.13,-5.13,-5.13,-5.13,-5.13,-5.12,-5.12,-5.12,-5.13,-6.14,-6.31,-6.32,-6.31,-6.43,-6.43,-6.42,-6.43,-6.43,-6.43,-6.43,-6.43,-6.72,-6.72,-6.73,-6.96,-6.97,-7.22,-7.22,-7.2,-7.22,-7.22,-7.2,-7.22,-7.43,-7.47,-7.48,-7.47,-7.74,-7.75,-7.75,-8.02,-8.03,-8.03,-8.02,-8.03,-8.02,-8.03,-8.02,-8.03,-8.03,-8.03,-8.2,-8.08,-8.32,-8.33,-8.32
-5.12,-5.12,-5.12,-5.12,-5.12,-5.12,-5.12,-5.12,-5.12,-6.12,-6.13,-6.13,-6.31,-6.31,-6.43,-6.42,-6.43,-6.43,-6.43,-6.47,-6.43,-6.43,-6.51,-6.51,-6.51,-6.73,-6.72,-6.72,-6.96,-6.96,-6.96,-6.96,-6.96,-7.2,-7.2,-7.2,-7.2,-7.24,-7.19,-7.19,-7.19,-7.45,-7.45,-7.45,-7.47,-7.45,-7.47,-7.45,-7.47,-7.47,-7.47,-7.47,-7.45,-7.74,-7.74,-7.75,-7.75,-7.75,-7.75,-7.67,-7.74,-7.75,-7.74,-7.74,-7.75,-7.75,-7.75,-7.75,-7.75,-6.99,-6.99,-6.99,-6.99,-6.98,-7.5
-5.14,-5.14,-5.16,-5.14,-5.14,-5.13,-5.14,-5.14,-5.14,-5.14,-5.14,-5.11,-5.14,-5.14,-5.57,-5.56,-5.56,-5.56,-5.56,-5.56,-5.56,-5.56,-5.83,-5.84,-5.84,-5.83,-5.83,-5.83,-5.84,-5.83,-6.12,-6.15,-6.15,-6.15,-6.15,-6.15,-6.16,-6.16,-6.15,-6.16,-6.16,-6.16,-6.15,-6.15,-6.53,-6.54,-6.54,-6.54,-6.54,-6.53,-6.54,-6.54,-6.53,-6.53,-6.53,-6.54,-6.54,-6.53,-6.53,-6.53,-6.53,-6.98,-6.98,-6.98,-6.99,-6.98,-6.98,-6.98,-6.99,-7.5,-7.49,-7.5,-7.77,-7.77,-7.77
-5.14,-5.13,-5.14,-5.14,-5.13,-5.14,-5.13,-5.13,-5.13,-5.13,-5.13,-5.13,-5.12,-5.13,-5.13,-5.13,-5.14,-5.13,-5.13,-5.56,-5.56,-5.55,-5.82,-5.83,-5.83,-5.83,-5.83,-5.83,-5.83,-5.84,-5.84,-5.83,-5.83,-6.54,-6.53,-6.53,-6.54,-6.98,-6.98,-6.98,-7.5,-7.5,-7.49,-6.54,-6.53,-6.15,-6.15,-6.15,-5.56,-5.56,-5.55,-5.55,-5.55,-6.14,-6.1,-6.15,-6.14,-6.14,-6.15,-6.14,-6.14,-6.15,-6.53,-6.52,-6.98,-6.98,-6.98,-7.49,-7.49,-7.77,-7.77,-7.77,-7.77,-7.77,-7.77
-6.14,-6.14,-6.14,-6.98,-6.98,-6.97,-6.97,-6.97,-6.97,-6.97,-6.97,-6.97,-7.49,-7.49,-7.49,-7.44,-7.49,-7.49,-7.49,-7.48,-7.48,-7.48,-7.49,-7.49,-7.49,-7.49,-7.48,-7.49,-7.49,-7.49,-7.49,-7.65,-7.64,-7.64,-7.65,-7.65,-7.76,-7.77,-7.76,-7.76,-7.75,-7.72,-7.76,-7.76,-7.76,-7.76,-7.76,-7.76,-7.76,-7.76,-8.04,-8.04,-8.04,-8.03,-8.04,-8.04,-8.03,-8.03,-8.03,-8.03,-8.04,-8.03,-7.99,-7.97,-7.99,-8.21,-8.21,-8.21,-8.21,-8.21,-8.21,-8.22,-8.22,-8.21,-8.04
-5.56,-5.55,-5.55,-5.55,-5.55,-5.55,-5.55,-5.55,-5.55,-5.55,-5.55,-5.53,-5.55,-5.68,-5.68,-5.68,-5.68,-5.7,-5.7,-5.82,-5.82,-5.82,-5.82,-5.82,-5.82,-5.97,-5.97,-5.97,-5.97,-5.97,-5.97,-5.97,-5.97,-5.97,-5.97,-5.99,-5.97,-5.99,-5.83,-5.82,-5.83,-5.97,-5.97,-5.97,-6.14,-6.14,-6.14,-6.33,-6.33,-6.33,-6.52,-6.52,-6.74,-6.74,-6.74,-6.74,-6.97,-6.97,-7.22,-7.23,-7.49,-7.48,-7.49,-7.7,-7.7,-7.88,-7.97,-7.99,-7.97,-7.48,-7.48,-7.48,-7.49,-7.49,-7.49
-5.82,-5.82,-5.81,-5.82,-5.82,-5.82,-5.82,-5.81,-5.81,-5.82,-5.81,-5.81,-5.81,-5.81,-5.81,-5.81,-5.82,-5.82,-5.82,-5.82,-5.82,-5.82,-5.81,-6.14,-6.13,-6.13,-6.14,-6.13,-6.14,-6.13,-6.13,-6.13,-6.13,-6.13,-6.13,-6.13,-6.13,-6.13,-6.13,-6.14,-6.13,-6.97,-6.97,-6.97,-7.22,-7.22,-7.22,-7.2,-7.22,-7.22,-7.22,-7.22,-7.22,-7.48,-7.48,-7.47,-7.48,-7.75,-7.75,-7.75,-7.75,-7.74,-7.75,-7.75,-7.97,-7.97,-7.97,-7.96,-7.97,-7.97,-7.97,-7.97,-7.97,-7.97,-8.2
-6.96,-6.96,-6.96,-6.96,-6.96,-6.96,-6.96,-6.96,-6.96,-6.96,-6.96,-6.96,-6.97,-6.96,-6.97,-7.1,-7.1,-7.1,-7.1,-7.1,-7.1,-7.11,-7.11,-7.26,-7.26,-7.26,-7.26,-7.26,-7.26,-7.26,-7.25,-7.26,-7.42,-7.42,-7.42,-7.41,-7.42,-7.42,-7.42,-7.42,-7.42,-7.42,-7.42,-7.42,-7.42,-7.42,-7.63,-7.64,-7.63,-7.63,-7.63,-7.64,-7.63,-7.8,-7.81,-7.8,-7.8,-7.81,-7.8,-7.81,-7.81,-7.81,-7.96,-7.96,-7.97,-7.96,-7.97,-7.97,-7.97,-7.97,-7.97,-7.97,-7.97,-7.97,-8.21
-5.12,-5.12,-5.12,-5.12,-5.12,-5.12,-5.12,-5.12,-5.12,-5.12,-5.12,-5.12,-5.12,-5.12,-5.12,-5.12,-5.12,-5.12,-5.12,-5.12,-5.12,-5.12,-5.12,-5.12,-5.13,-5.13,-5.12,-6.14,-6.14,-6.13,-6.52,-6.52,-6.51,-6.51,-6.51,-6.52,-6.51,-6.51,-6.52,-6.51,-6.51,-6.51,-6.51,-6.71,-6.72,-6.72,-6.72,-6.72,-6.72,-6.72,-6.96,-6.96,-6.96,-7.2,-7.19,-7.2,-7.2,-7.2,-7.2,-7.2,-7.47,-7.47,-7.47,-7.47,-7.47,-7.47,-7.48,-7.47,-7.75,-7.75,-7.74,-7.74,-7.75,-7.75,-7.74
-5.12,-5.12,-5.12,-5.12,-5.12,-5.12,-5.12,-5.12,-5.12,-5.12,-5.12,-5.12,-5.12,-5.12,-5.12,-5.12,-5.12,-5.12,-5.52,-5.52,-5.53,-5.53,-5.53,-5.53,-6.13,-6.13,-6.12,-6.13,-6.13,-6.13,-6.13,-6.31,-6.31,-6.31,-6.31,-6.31,-6.51,-6.51,-6.51,-6.51,-6.51,-6.51,-6.96,-6.96,-6.96,-6.96,-6.96,-7.2,-7.22,-7.2,-7.2,-7.2,-7.2,-7.2,-7.2,-7.2,-7.2,-7.47,-7.47,-7.47,-7.47,-7.47,-7.47,-7.74,-7.74,-7.74,-7.72,-7.74,-7.74,-7.74,-8.02,-8.31,-8.32,-8.31,-8.32
-5.12,-5.12,-5.12,-5.12,-5.12,-5.12,-5.12,-5.12,-5.12,-5.12,-5.12,-5.12,-5.12,-5.12,-5.12,-5.12,-5.11,-5.11,-5.04,-5.12,-5.12,-5.12,-5.12,-5.12,-6.13,-6.13,-6.12,-6.51,-6.51,-6.51,-6.49,-6.49,-6.51,-6.49,-6.51,-6.51,-6.94,-6.96,-6.96,-6.96,-6.96,-6.96,-6.96,-6.96,-6.96,-7.2,-7.2,-7.2,-7.2,-7.2,-7.19,-7.19,-7.45,-7.45,-7.47,-7.47,-7.47,-7.45,-7.47,-7.74,-7.74,-7.72,-7.74,-7.72,-7.74,-8.01,-8.02,-8.01,-8.02,-8.5,-8.5,-8.5,-8.5,-8.57,-8.55
-5.12,-5.12,-5.12,-5.12,-5.12,-5.12,-5.12,-5.11,-5.11,-5.11,-5.12,-5.11,-6.12,-6.13,-6.13,-6.12,-6.12,-6.12,-6.49,-6.49,-6.49,-6.49,-6.94,-6.94,-6.94,-6.94,-6.96,-6.94,-6.94,-6.96,-6.96,-6.94,-6.96,-7.47,-7.45,-7.47,-7.47,-7.47,-7.47,-7.47,-7.78,-7.74,-7.74,-7.75,-8.02,-8.02,-8.02,-8.02,-8.02,-8.06,-8.02,-8.01,-8.02,-8.02,-8.01,-8.01,-8.31,-8.31,-8.31,-8.31,-8.31,-8.31,-8.55,-8.55,-8.55,-8.55,-8.55,-8.74,-8.74,-8.74,-8.74,-8.76,-8.76,-8.76,-8.76
-5.11,-5.12,-5.11,-5.11,-5.11,-5.11,-5.11,-5.11,-5.11,-5.11,-5.11,-5.11,-5.11,-5.31,-5.31,-5.31,-5.31,-5.31,-5.31,-5.31,-5.31,-5.32,-5.53,-5.53,-5.52,-5.53,-5.53,-5.8,-5.8,-5.8,-5.8,-5.95,-5.95,-5.95,-5.95,-5.95,-6.12,-6.12,-6.15,-6.22,-6.22,-6.22,-6.49,-6.49,-6.49,-6.51,-6.49,-6.94,-6.94,-7.04,-7.04,-7.04,-7.04,-7.04,-7.3,-7.3,-7.3,-7.29,-7.45,-7.45,-8.01,-8.01,-8.01,-8.18,-8.19,-8.19,-8.18,-8.44,-8.45,-8.45,-8.45,-8.44,-8.45,-8.44,-8.44
-5.95,-5.95,-5.95,-5.95,-5.95,-5.95,-5.95,-5.95,-5.95,-5.95,-5.95,-5.95,-5.95,-5.95,-5.95,-5.95,-5.52,-5.52,-5.53,-5.53,-5.31,-5.31,-5.31,-5.31,-5.31,-5.14,-5.14,-5.14,-5.14,-5.95,-5.94,-5.95,-5.95,-5.94,-5.94,-5.94,-5.95,-5.95,-5.95,-5.95,-6.49,-6.49,-6.49,-6.51,-6.49,-6.49,-5.81,-5.81,-5.81,-6.51,-6.51,-6.51,-6.96,-6.96,-6.94,-7.2,-7.2,-7.19,-7.2,-7.45,-7.47,-7.74,-7.74,-7.74,-7.74,-7.74,-7.74,-7.74,-7.8,-7.8,-7.8,-7.86,-7.86,-7.86,-7.9
-5.12,-5.12,-5.12,-5.12,-5.12,-5.12,-5.12,-5.12,-5.12,-5.12,-5.12,-5.12,-5.12,-5.12,-5.12,-5.12,-5.12,-5.12,-5.12,-5.12,-5.12,-5.12,-5.53,-5.53,-5.52,-5.52,-5.53,-5.53,-6.12,-6.13,-6.12,-6.12,-6.12,-6.12,-6.13,-6.22,-6.22,-6.22,-6.22,-6.22,-6.22,-6.22,-6.22,-6.22,-6.22,-6.23,-6.96,-6.94,-6.94,-6.96,-6.96,-6.94,-6.96,-6.94,-6.94,-6.96,-6.97,-6.97,-6.96,-7.47,-7.47,-7.45,-7.47,-7.74,-7.72,-7.74,-7.74,-7.74,-7.74,-7.96,-7.95,-7.95,-7.95,-8.32,-8.31
-5.12,-5.11,-5.11,-5.12,-5.12,-5.12,-5.12,-5.12,-5.12,-5.12,-5.12,-5.12,-5.12,-5.12,-5.13,-5.12,-5.12,-5.12,-5.12,-5.12,-5.12,-5.12,-5.53,-5.53,-5.53,-5.53,-5.53,-5.53,-5.53,-5.53,-5.53,-5.53,-5.53,-5.53,-5.55,-5.53,-5.53,-5.53,-5.53,-5.53,-5.53,-5.81,-5.81,-6.13,-6.12,-6.12,-6.12,-6.49,-6.51,-6.49,-6.51,-6.96,-6.94,-6.94,-6.96,-7.2,-7.2,-7.2,-7.2,-7.2,-7.2,-7.2,-7.47,-7.47,-7.47,-7.45,-8.02,-8.02,-8.32,-8.32,-8.57,-8.57,-8.57,-8.57,-8.76
-5.12,-5.12,-5.12,-5.12,-5.12,-5.12,-5.12,-5.12,-5.11,-5.12,-5.12,-5.53,-5.53,-5.52,-5.81,-5.81,-5.8,-5.81,-5.81,-6.13,-6.13,-6.13,-6.13,-6.13,-6.13,-6.13,-6.23,-6.22,-6.23,-6.25,-6.23,-6.23,-6.4,-6.4,-6.4,-6.39,-6.4,-6.4,-6.47,-6.47,-6.47,-6.47,-6.96,-6.96,-7.47,-7.47,-7.45,-7.45,-7.74,-7.74,-8.01,-8.02,-8.01,-8.01,-8.02,-8.01,-8.02,-8.01,-8.02,-8.02,-8.32,-8.32,-8.32,-8.32,-8.33,-8.33,-8.33,-8.58,-8.58,-8.57,-8.58,-8.2,-8.2,-8.2,-8.2
-5.12,-5.13,-5.13,-5.13,-5.13,-5.13,-5.13,-5.13,-5.13,-5.12,-5.12,-5.53,-5.55,-5.53,-5.81,-5.81,-5.81,-5.81,-5.81,-6.13,-6.14,-6.96,-6.96,-6.96,-6.96,-7.48,-7.48,-7.48,-7.48,-7.47,-7.48,-7.48,-6.51,-6.52,-6.52,-6.52,-6.96,-6.96,-7.47,-7.48,-7.48,-7.75,-7.75,-8.03,-8.03,-8.03,-8.34,-8.33,-8.33,-8.33,-8.34,-8.33,-8.33,-8.33,-8.33,-7.81,-7.8,-7.58,-7.57,-7.47,-7.47,-7.2,-7.22,-6.97,-6.97,-6.96,-6.72,-6.72,-6.96,-6.96,-7.22,-7.22,-7.22,-7.48,-7.48
-5.13,-5.12,-5.12,-5.13,-5.12,-5.12,-5.13,-5.13,-5.12,-5.12,-5.12,-5.13,-5.13,-5.13,-5.13,-5.13,-5.12,-5.13,-5.13,-5.13,-5.12,-5.13,-5.12,-5.12,-5.12,-5.12,-5.12,-5.13,-5.13,-5.13,-6.52,-6.52,-6.97,-6.96,-6.97,-7.48,-7.48,-7.48,-7.48,-7.76,-7.76,-7.76,-7.75,-7.76,-7.76,-7.76,-7.76,-7.76,-7.76,-7.76,-7.76,-7.76,-7.97,-7.97,-7.97,-7.99,-7.97,-8.15,-8.15,-8.16,-8.16,-8.15,-8.16,-8.16,-8.15,-8.16,-8.16,-8.16,-8.16,-8.16,-8.16,-8.47,-8.47,-8.46,-8.47
-7.48,-7.48,-7.48,-7.48,-7.48,-7.48,-7.48,-7.48,-7.48,-7.48,-7.48,-7.48,-7.48,-7.48,-7.48,-7.48,-7.26,-7.26,-7.26,-7.26,-7.26,-7.28,-7.26,-7.26,-7.28,-7.02,-7.02,-7.02,-7.03,-6.74,-6.74,-6.53,-6.53,-6.53,-6.33,-6.33,-6.33,-6.33,-6.14,-6.15,-6.15,-6.1,-6.14,-6.98,-6.97,-6.97,-6.97,-6.97,-6.98,-6.97,-6.97,-6.97,-5.82,-5.82,-5.82,-5.83,-5.82,-6.97,-6.98,-6.97,-7.48,-7.48,-7.48,-7.76,-7.76,-7.76,-6.97,-6.97,-6.98,-6.98,-6.98,-6.98,-6.98,-6.98,-6.98
-5.18,-5.17,-5.86,-5.86,-5.86,-6.18,-6.37,-6.37,-6.37,-6.48,-6.57,-6.57,-6.57,-6.65,-6.65,-6.78,-6.78,-6.92,-6.92,-7.02,-7.19,-7.2,-7.2,-7.19,-7.26,-7.31,-7.31,-7.36,-7.36,-7.42,-7.43,-7.48,-7.48,-7.52,-7.58,-7.58,-7.64,-7.7,-7.69,-7.74,-7.8,-7.78,-7.84,-7.86,-7.92,-7.9,-7.97,-8.02,-8.02,-8.02,-8.04,-8.13,-8.13,-8.19,-8.19,-8.25,-8.25,-8.2,-8.13,-8.14,-8.08,-8.08,-8.02,-7.97,-7.96,-7.9,-7.9,-7.78,-7.78,-7.8,-8.02,-8.03,-8.03,-8.03,-8.03
-5.17,-5.18,-5.17,-6.57,-6.57,-7.02,-6.98,-7.06,-7.06,-7.11,-7.15,-7.16,-7.2,-7.19,-7.25,-7.31,-7.31,-7.26,-7.2,-7.2,-7.15,-7.16,-7.16,-7.16,-7.15,-7.15,-7.16,-7.32,-7.31,-7.36,-7.42,-7.42,-7.47,-7.52,-7.52,-7.52,-5.37,-5.37,-5.37,-7.42,-7.42,-7.42,-7.52,-7.63,-7.63,-7.7,-7.69,-7.74,-7.78,-7.78,-7.84,-7.69,-7.69,-7.63,-7.63,-7.97,-7.97,-7.96,-7.96,-7.96,-8.08,-8.09,-8.13,-8.19,-8.2,-8.26,-8.26,-8.25,-8.25,-8.38,-8.42,-8.42,-8.07,-8.08,-8.02
-7,-7.02,-7.02,-7,-7.02,-7.02,-7.06,-7.06,-7.06,-7.06,-7.06,-7.11,-7.11,-7.16,-7.15,-7.2,-7.2,-7.2,-7.26,-7.26,-7.31,-7.31,-7.31,-7.36,-7.42,-7.42,-7.47,-7.47,-7.47,-7.54,-7.58,-7.58,-7.62,-7.63,-7.62,-7.68,-7.72,-7.72,-7.77,-7.78,-7.84,-7.84,-7.89,-7.9,-7.96,-7.96,-8.01,-8.02,-8.08,-8.08,-8.13,-8.2,-8.2,-8.26,-8.26,-8.32,-8.39,-8.39,-8.44,-8.51,-8.51,-8.51,-8.51,-8.51,-8.5,-8.5,-8.57,-8.55,-8.55,-8.64,-8.62,-8.62,-8.62,-8.64,-8.62
-5.17,-5.18,-5.18,-5.17,-5.17,-5.17,-5.17,-5.18,-5.18,-5.18,-5.2,-5.2,-5.2,-5.25,-5.28,-5.28,-5.33,-5.37,-5.37,-5.38,-5.44,-5.44,-5.49,-5.53,-5.53,-5.58,-5.58,-5.6,-5.67,-5.67,-5.67,-5.67,-5.67,-5.73,-5.73,-5.77,-5.79,-5.81,-5.81,-5.87,-5.87,-5.89,-5.89,-5.94,-5.9,-6.01,-6.01,-6.04,-6.04,-6.07,-6.1,-6.12,-6.1,-5.99,-6.1,-6.1,-6.1,-6.1,-6.1,-6.18,-6.18,-6.32,-6.32,-6.43,-6.52,-6.54,-6.57,-6.68,-6.77,-6.77,-6.91,-6.92,-7.02,-7.02,-7.2
-5.17,-5.17,-5.17,-5.2,-5.17,-5.21,-5.2,-5.2,-5.21,-5.2,-5.2,-5.12,-5.2,-5.2,-5.2,-5.21,-5.17,-5.2,-5.2,-5.2,-5.2,-5.28,-5.3,-5.28,-5.38,-5.38,-5.38,-5.38,-5.38,-5.3,-5.38,-5.38,-5.38,-5.38,-5.59,-5.6,-5.6,-5.59,-5.6,-5.6,-5.59,-5.73,-5.73,-5.71,-5.73,-5.71,-5.77,-5.79,-5.87,-5.86,-5.86,-5.86,-5.86,-5.86,-5.86,-6.06,-6.04,-6.04,-6.18,-6.19,-6.18,-6.18,-6.19,-6.41,-6.41,-6.57,-6.57,-6.74,-6.92,-6.92,-7.02,-7.26,-7.28,-7.55,-7.55
-5.17,-5.17,-5.37,-5.37,-5.21,-5.58,-5.59,-5.2,-5.86,-5.86,-5.95,-5.95,-6.04,-6.19,-6.19,-6.19,-6.22,-6.29,-6.33,-6.33,-6.45,-6.53,-6.53,-6.57,-6.57,-6.65,-6.78,-6.78,-6.91,-6.91,-7,-7,-7.1,-7.25,-7.25,-7.41,-7.51,-7.51,-7.68,-7.83,-7.83,-7.51,-7.52,-7.25,-7.26,-7.36,-7.41,-7.41,-7.42,-7.3,-7.41,-7.41,-7.47,-7.52,-7.51,-7.52,-7.58,-7.57,-7.58,-7.58,-7.57,-7.57,-7.57,-7.58,-7.57,-7.57,-7.72,-7.72,-7.72,-7.9,-7.9,-7.89,-7.9,-7.9,-7.9
-5.17,-5.58,-5.57,-5.7,-5.7,-5.71,-5.71,-5.76,-5.76,-5.77,-5.76,-5.76,-5.76,-5.76,-5.76,-5.76,-5.76,-5.76,-5.76,-5.84,-5.84,-6.03,-6.14,-6.14,-6.14,-6.14,-6.14,-6.14,-6.14,-6.18,-6.18,-6.18,-6.18,-6.18,-6.35,-6.35,-6.35,-6.35,-6.34,-6.35,-6.35,-6.35,-6.99,-7,-6.99,-7.25,-7.25,-7.25,-7.25,-7.17,-7.39,-7.39,-7.39,-7.41,-7.5,-7.51,-7.68,-7.83,-7.83,-7.83,-7.83,-8.08,-8.08,-8.07,-8.07,-8.08,-8.08,-8.08,-8.07,-8.09,-8.42,-8.42,-8.62,-8.62,-8.62
-5.19,-5.16,-5.17,-5.19,-5.2,-5.19,-5.23,-5.23,-5.23,-5.23,-5.16,-5.19,-5.57,-5.6,-5.62,-5.6,-5.52,-5.52,-5.57,-5.57,-5.6,-5.6,-6.15,-6.16,-6.2,-6.2,-6.16,-6.54,-6.59,-7.03,-7.04,-7.04,-7.04,-7.04,-7.04,-7.03,-7.03,-6.96,-7.04,-7,-7.04,-7.03,-7.04,-7.03,-7.03,-7.03,-7.03,-7.55,-7.54,-7.54,-7.47,-7.55,-7.54,-7.55,-7.54,-7.54,-7.5,-8.1,-8.1,-8.06,-8.1,-8.1,-8.03,-8.1,-8.09,-8.06,-8.1,-8.1,-8.1,-8.1,-8.1,-8.7,-8.7,-8.7,-8.7
-5.11,-5.18,-5.19,-5.14,-5.18,-5.18,-5.18,-5.18,-5.18,-5.56,-5.6,-5.6,-5.6,-5.6,-5.6,-5.6,-5.6,-5.6,-5.6,-5.83,-5.87,-5.87,-5.87,-5.82,-5.87,-6.19,-6.19,-6.19,-6.19,-6.2,-6.58,-6.58,-6.58,-6.58,-6.58,-6.54,-6.58,-6.58,-6.57,-7.03,-7.03,-7.03,-7.03,-7.03,-7.02,-7.03,-6.99,-7.03,-7.03,-7.03,-7.54,-7.54,-7.54,-7.45,-7.5,-7.54,-7.54,-7.54,-7.54,-7.54,-8.09,-8.09,-8.02,-8.09,-8.09,-8.09,-8.09,-8.06,-8.68,-8.7,-8.68,-8.68,-8.68,-8.7,-8.68
-5.18,-5.14,-5.18,-5.19,-5.18,-5.19,-5.11,-5.19,-5.11,-5.18,-5.18,-5.18,-5.18,-5.18,-6.2,-6.19,-6.2,-6.19,-6.19,-6.19,-6.19,-6.12,-6.19,-6.19,-6.2,-6.19,-6.19,-7.54,-7.54,-7.54,-7.54,-7.54,-7.54,-7.55,-7.55,-7.55,-7.81,-7.81,-7.81,-7.81,-7.8,-7.81,-8.1,-8.1,-8.1,-8.35,-8.4,-8.4,-8.39,-8.65,-8.65,-8.65,-8.65,-8.65,-8.64,-8.64,-8.64,-8.64,-8.65,-8.55,-8.68,-8.68,-8.68,-8.68,-8.68,-8.68,-8.68,-8.7,-8.68,-8.68,-8.68,-8.09,-8.1,-8.09,-8.1
-5.16,-5.14,-5.16,-5.16,-5.57,-5.56,-5.56,-5.57,-5.56,-5.57,-5.57,-5.83,-5.83,-5.99,-6.02,-6.02,-6.09,-6.09,-6.04,-6.26,-6.26,-6.42,-6.42,-6.51,-6.54,-6.54,-6.99,-6.99,-7.24,-7.24,-7.23,-7.33,-7.33,-7.33,-7.33,-7.33,-7.33,-7.33,-7.33,-7.33,-7.37,-7.33,-7.33,-7.33,-7.33,-7.5,-7.5,-7.5,-7.5,-7.5,-7.67,-7.67,-7.67,-7.67,-7.67,-7.67,-7.67,-7.67,-7.67,-7.67,-7.68,-7.6,-7.67,-7.67,-7.67,-7.68,-7.68,-8.66,-8.67,-8.67,-8.65,-8.66,-8.66,-8.66,-8.65
-5.14,-5.14,-5.14,-5.11,-5.14,-5.11,-5.14,-5.14,-7.5,-7.5,-7.5,-7.5,-7.5,-7.5,-7.5,-7.5,-7.5,-7.5,-7.7,-7.7,-7.88,-7.88,-7.7,-7.7,-7.88,-7.88,-7.52,-7.49,-7.49,-7.49,-7.88,-7.87,-7.92,-7.88,-7.8,-7.87,-8.35,-8.39,-8.35,-8.32,-8.39,-8.39,-8.35,-8.35,-8.28,-8.28,-8.35,-8.53,-8.54,-8.58,-8.53,-8.58,-8.53,-8.57,-8.57,-8.58,-8.46,-8.53,-8.66,-8.68,-8.65,-8.65,-8.65,-8.65,-8.65,-8.65,-8.68,-8.79,-8.82,-8.79,-8.79,-8.84,-8.82,-8.84,-8.82
-5.06,-5.14,-5.14,-5.13,-5.14,-5.14,-5.14,-5.18,-5.14,-5.18,-5.18,-5.13,-5.13,-5.14,-5.14,-5.59,-5.59,-5.86,-5.86,-6.14,-6.15,-6.37,-6.45,-6.48,-6.53,-6.53,-6.52,-6.55,-6.68,-6.65,-6.78,-6.78,-7.52,-7.52,-7.48,-7.48,-7.52,-7.9,-7.92,-7.92,-8.04,-8.09,-8.08,-8.01,-8.09,-8.1,-8.09,-8.06,-8.06,-8.09,-8.09,-8.06,-8.04,-8.12,-8.26,-8.26,-8.26,-8.25,-8.25,-8.26,-8.25,-8.26,-8.26,-8.25,-8.21,-8.25,-8.25,-8.26,-8.25,-8.44,-8.35,-8.42,-8.42,-8.39,-8.42
-5.13,-5.13,-5.13,-5.17,-5.13,-5.13,-5.81,-5.86,-6.01,-5.97,-6.18,-6.37,-6.4,-6.52,-6.55,-6.68,-6.81,-6.81,-6.87,-7.02,-7.25,-7.26,-7.31,-7.28,-7.36,-7.47,-7.47,-7.48,-7.68,-7.68,-7.78,-7.78,-7.81,-7.84,-7.95,-7.95,-8.08,-8.08,-8.21,-8.26,-8.42,-8.44,-8.45,-8.5,-8.5,-8.45,-7.78,-7.74,-7.78,-7.78,-7.78,-7.78,-7.52,-7.52,-7.51,-7.51,-7.51,-7.51,-7.51,-7.52,-7.51,-7.52,-7.52,-7.54,-7.52,-7.52,-7.52,-7.84,-7.86,-7.84,-7.8,-7.84,-7.84,-7.84,-7.81
-5.13,-5.13,-5.05,-5.17,-5.18,-5.18,-5.17,-5.13,-5.18,-5.13,-5.17,-5.17,-5.17,-5.13,-5.18,-5.17,-6.97,-7,-7,-7.02,-7,-7.02,-7,-7,-7.48,-7.52,-7.51,-7.52,-7.51,-7.52,-7.52,-7.52,-7.52,-7.52,-7.52,-7.51,-7.52,-7.52,-7.51,-7.52,-7.52,-7.78,-7.78,-7.78,-7.78,-7.78,-7.77,-7.78,-7.78,-7.74,-7.96,-7.95,-7.95,-7.95,-7.96,-7.95,-7.95,-7.96,-7.95,-7.96,-7.93,-7.96,-8.08,-8.08,-8.08,-8.08,-8.08,-8.08,-8.04,-8.08,-8.08,-8.08,-8.08,-8.08,-8.34
-5.17,-5.17,-5.17,-5.17,-5.12,-5.17,-5.13,-5.12,-5.17,-5.84,-6.18,-6.13,-6.16,-6.18,-6.18,-6.18,-6.14,-6.18,-6.18,-6.13,-6.18,-6.13,-7,-7,-7,-7,-7,-7,-7,-7,-7,-7.41,-7.42,-7.41,-7.41,-7.41,-7.41,-7.41,-7.41,-7.41,-7.41,-7.41,-7.41,-7.41,-7.43,-7.51,-7.51,-7.51,-7.51,-7.51,-7.51,-7.77,-7.77,-7.77,-7.77,-7.77,-7.77,-7.77,-7.77,-8.01,-8.01,-8.02,-8.01,-8.01,-8.01,-8.36,-8.36,-8.55,-8.54,-8.55,-8.55,-8.54,-8.55,-8.67,-8.67
-4.74,-4.74,-4.74,-4.78,-5.2,-5.17,-5.48,-5.6,-5.56,-6.16,-6.15,-6.6,-6.86,-6.86,-6.86,-6.86,-6.87,-6.86,-7.12,-7.12,-7.12,-7.43,-7.42,-7.57,-7.61,-7.65,-7.69,-7.74,-7.99,-8,-8.18,-8.18,-8.18,-8.21,-8.18,-8.18,-8.18,-8.22,-8.18,-8.21,-8.18,-8.22,-8.22,-8.33,-8.33,-8.34,-8.29,-8.26,-8.33,-8.29,-8.31,-8.29,-8.31,-8.29,-8.29,-8.34,-8.29,-8.29,-8.47,-8.65,-8.61,-8.53,-8.61,-8.61,-8.66,-8.65,-8.85,-8.81,-8.81,-8.85,-8.85,-8.81,-8.85,-8.81,-8.81
-4.73,-5.16,-5.16,-5.16,-5.16,-5.16,-5.14,-5.16,-5.41,-5.41,-5.41,-5.74,-5.74,-5.74,-5.74,-5.74,-5.7,-5.74,-5.75,-5.75,-5.7,-5.79,-6.13,-6.58,-6.58,-6.83,-6.79,-6.83,-6.83,-6.83,-6.83,-6.83,-6.83,-6.83,-6.87,-6.87,-7.09,-7.09,-7.07,-7.07,-7.09,-7.09,-7.07,-7.07,-7.09,-7.07,-7.07,-7.07,-7.56,-7.64,-7.56,-7.64,-7.63,-7.64,-7.64,-7.64,-7.64,-7.64,-7.64,-7.64,-7.64,-7.64,-7.94,-7.94,-7.94,-8.12,-8.12,-8.12,-8.12,-8.23,-8.19,-8.25,-8.23,-8.25,-8.2
-4.73,-4.73,-4.73,-4.73,-4.73,-4.73,-4.73,-4.73,-4.73,-4.73,-4.74,-4.74,-4.74,-4.74,-4.74,-4.74,-4.69,-4.69,-4.73,-4.73,-5.75,-5.74,-5.74,-5.74,-5.75,-5.74,-5.75,-5.74,-5.74,-5.74,-5.75,-5.75,-5.75,-5.75,-5.75,-5.75,-5.74,-5.75,-5.74,-5.74,-5.74,-5.75,-5.75,-5.75,-6.57,-6.58,-6.58,-6.58,-6.58,-6.58,-6.58,-6.58,-7.07,-7.09,-7.35,-7.35,-7.35,-7.35,-7.35,-7.35,-7.35,-7.35,-7.35,-7.36,-7.64,-7.64,-7.69,-7.64,-7.64,-7.64,-8.12,-8.12,-8.1,-8.1,-8.12
-6.19,-6.2,-6.2,-6.12,-6.19,-6.19,-6.19,-6.19,-6.15,-6.73,-6.77,-8.15,-8.15,-8.15,-8.15,-8.1,-8.15,-7.96,-7.92,-7.95,-7.99,-7.96,-8.18,-8.16,-8.16,-8.12,-8.54,-8.64,-8.58,-8.62,-8.57,-8.6,-8.62,-8.65,-8.61,-8.62,-8.65,-8.6,-8.62,-8.62,-8.59,-8.6,-8.61,-8.6,-9.13,-9.13,-9.09,-9.09,-9.11,-9.13,-9.1,-9.32,-9.26,-9.25,-9.24,-9.28,-9.2,-9.19,-9.25,-9.24,-9.23,-9.32,-9.36,-9.36,-9.35,-9.53,-9.45,-9.49,-9.46,-9.48,-9.45,-9.46,-9.48,-9.48,-9.48
-4.74,-5.17,-5.76,-5.75,-5.75,-5.43,-5.41,-5.43,-5.41,-5.75,-5.75,-5.74,-5.75,-5.75,-5.75,-5.75,-5.74,-5.74,-6.58,-6.57,-6.58,-6.57,-6.57,-6.57,-6.53,-6.53,-6.57,-6.57,-6.57,-6.57,-6.58,-6.57,-6.57,-6.57,-7.04,-7.07,-7.64,-7.64,-7.64,-7.64,-7.64,-7.64,-7.64,-7.61,-7.64,-7.64,-7.64,-7.64,-7.64,-7.64,-7.64,-7.64,-7.63,-7.64,-7.64,-7.63,-7.64,-7.63,-7.64,-7.64,-7.61,-7.64,-7.88,-7.88,-7.88,-7.88,-7.87,-7.88,-7.87,-7.88,-7.88,-8.25,-8.25,-8.23,-8.2
-4.68,-5.41,-5.45,-5.4,-5.37,-5.41,-5.41,-5.41,-5.41,-5.41,-5.4,-5.74,-5.74,-5.74,-6.12,-6.12,-6.12,-6.12,-6.13,-6.13,-6.13,-6.04,-6.12,-6.12,-6.12,-6.12,-6.13,-6.12,-6.57,-6.57,-6.57,-6.58,-6.57,-6.57,-6.57,-6.57,-6.57,-6.53,-6.57,-6.55,-6.55,-6.55,-6.57,-6.57,-6.57,-6.55,-6.57,-6.57,-6.57,-6.57,-6.57,-6.57,-6.55,-6.57,-6.58,-6.57,-6.53,-6.97,-6.97,-6.97,-6.97,-6.97,-6.97,-6.97,-6.97,-6.97,-6.98,-6.98,-6.98,-6.97,-6.97,-7.35,-7.35,-7.35,-7.33
-6.12,-6.12,-6.12,-6.12,-6.12,-6.12,-6.12,-6.12,-6.12,-6.12,-6.12,-6.12,-6.12,-6.13,-6.12,-6.12,-6.13,-6.12,-6.12,-6.38,-6.37,-6.38,-6.38,-6.38,-6.37,-6.38,-6.38,-6.37,-6.37,-6.38,-6.38,-6.38,-6.47,-6.47,-6.46,-6.46,-6.46,-6.47,-6.46,-6.81,-6.81,-6.81,-6.81,-6.81,-6.81,-7.03,-7.03,-6.98,-7.03,-7.02,-7.02,-7.03,-7.03,-7.03,-7.03,-7.03,-7.03,-7.03,-7.03,-7.03,-7.02,-7.03,-7.35,-7.35,-7.35,-7.63,-7.63,-7.64,-7.63,-7.64,-7.63,-7.64,-7.64,-8.04,-8.04
-4.74,-4.74,-4.73,-4.74,-4.74,-4.74,-4.73,-5.08,-5.08,-5.1,-5.08,-5.08,-6.52,-6.53,-6.52,-6.53,-6.51,-6.53,-6.52,-6.53,-6.54,-6.54,-6.52,-6.54,-6.55,-6.54,-6.53,-6.6,-6.61,-6.63,-6.63,-6.59,-6.59,-6.61,-6.6,-6.63,-6.93,-6.97,-6.96,-6.96,-6.98,-6.96,-6.94,-7.56,-7.62,-7.62,-7.61,-7.6,-7.6,-7.58,-7.58,-7.56,-7.61,-7.56,-7.6,-7.6,-7.6,-7.82,-7.78,-7.78,-7.78,-7.81,-7.78,-7.78,-7.76,-7.75,-7.9,-7.9,-7.89,-7.9,-7.89,-7.89,-7.89,-7.96,-7.94
-4.74,-4.74,-4.73,-4.74,-4.74,-4.73,-4.74,-4.74,-4.73,-4.73,-4.74,-6.13,-6.12,-6.12,-6.13,-6.13,-6.13,-6.12,-6.12,-6.13,-6.12,-6.12,-6.12,-6.12,-6.12,-6.12,-6.08,-6.12,-6.57,-6.57,-6.57,-6.57,-6.57,-6.57,-6.57,-6.57,-6.57,-6.57,-6.58,-7.07,-7.07,-7.09,-7.07,-7.09,-7.07,-7.07,-7.07,-7.07,-7.33,-7.33,-7.33,-7.33,-7.33,-7.33,-7.33,-7.33,-7.33,-7.33,-7.33,-7.33,-7.33,-7.33,-7.33,-7.33,-7.33,-7.33,-7.33,-7.33,-7.63,-7.63,-7.63,-7.6,-7.63,-7.64,-7.64
-7.63,-7.63,-7.63,-7.56,-7.64,-7.63,-7.64,-7.56,-7.64,-7.64,-7.64,-7.63,-7.64,-7.64,-7.64,-7.64,-7.64,-7.64,-6.58,-6.57,-6.57,-6.57,-6.58,-6.57,-6.57,-6.57,-6.57,-6.57,-6.57,-6.58,-7.35,-7.35,-7.35,-7.31,-7.35,-7.31,-7.35,-7.35,-7.31,-7.33,-7.33,-7.35,-7.35,-7.33,-7.33,-7.33,-7.33,-7.33,-7.33,-7.33,-7.33,-7.33,-7.33,-7.33,-7.64,-7.64,-7.63,-7.63,-7.63,-7.64,-7.93,-7.93,-7.94,-7.94,-7.94,-7.94,-7.94,-8.23,-8.23,-8.23,-8.23,-8.23,-8.23,-8.55,-8.55
-4.74,-4.74,-4.74,-5.43,-5.43,-5.43,-5.41,-5.41,-5.43,-5.41,-5.43,-5.41,-5.43,-5.41,-5.6,-5.6,-5.59,-6.12,-6.12,-6.12,-6.12,-6.12,-6.12,-6.13,-7.07,-7.07,-7.07,-7.07,-7.39,-7.39,-7.44,-7.39,-7.41,-7.41,-7.39,-7.41,-7.41,-7.39,-7.39,-7.39,-7.41,-7.41,-7.41,-7.41,-7.41,-7.41,-7.39,-7.41,-7.42,-7.64,-7.61,-7.64,-7.64,-7.64,-7.64,-7.64,-7.64,-7.64,-7.64,-7.64,-7.64,-7.64,-7.64,-7.64,-7.64,-7.64,-7.63,-7.63,-7.64,-7.64,-7.63,-7.64,-7.64,-7.94,-7.94
-4.74,-4.73,-4.73,-4.73,-4.73,-4.73,-4.73,-4.73,-4.73,-4.73,-4.73,-4.73,-4.73,-4.73,-4.73,-4.73,-5.74,-5.74,-5.74,-5.74,-5.74,-5.74,-5.74,-6.57,-6.57,-6.57,-6.57,-6.53,-7.07,-7.07,-7.09,-7.07,-7.07,-7.07,-7.09,-7.09,-7.07,-7.09,-7.07,-7.04,-7.07,-7,-7.07,-7.07,-7.07,-7.33,-7.35,-7.35,-7.35,-7.33,-7.63,-7.63,-7.64,-7.63,-7.94,-7.94,-7.87,-7.93,-7.94,-7.94,-7.64,-7.63,-7.64,-7.64,-7.64,-7.64,-8.01,-8.04,-8.04,-8.19,-8.19,-8.19,-8.19,-8.22,-8.18
-4.73,-4.73,-5.14,-5.16,-5.16,-5.14,-5.11,-5.14,-5.14,-5.14,-5.41,-5.41,-5.41,-5.41,-5.41,-5.41,-6.58,-6.57,-6.57,-6.58,-6.58,-6.58,-6.58,-6.57,-7.07,-7.07,-7.07,-7.07,-7.07,-7.07,-7.35,-7.35,-7.35,-7.35,-7.33,-7.51,-7.52,-7.52,-7.52,-7.88,-7.88,-7.88,-7.88,-7.87,-7.88,-7.88,-7.88,-7.87,-7.88,-7.88,-7.88,-7.88,-7.88,-7.88,-7.88,-7.87,-7.88,-8.06,-8.07,-8.06,-8.06,-8.06,-8.06,-8.04,-8.06,-8.06,-8.06,-8.23,-8.23,-8.23,-8.23,-8.23,-8.23,-8.23,-8.23
-4.73,-4.69,-4.74,-4.73,-5.16,-5.16,-5.14,-5.16,-5.16,-5.16,-5.16,-5.75,-5.75,-5.75,-5.75,-5.75,-5.75,-5.75,-5.74,-5.74,-6.12,-6.12,-6.13,-6.13,-6.13,-6.12,-6.42,-6.42,-6.39,-6.42,-6.42,-6.42,-6.42,-6.43,-6.42,-6.42,-6.43,-6.39,-6.43,-6.42,-6.42,-6.42,-6.43,-6.43,-6.42,-6.43,-6.42,-6.43,-6.42,-7.09,-7.07,-7.09,-7.09,-7.07,-7.09,-7.09,-7.07,-7.35,-7.35,-7.35,-7.35,-7.33,-7.33,-7.33,-7.33,-7.33,-7.33,-7.33,-7.33,-7.35,-8.23,-8.23,-8.23,-8.25,-8.25
-4.73,-4.74,-5.16,-5.14,-5.16,-5.14,-5.14,-5.14,-5.11,-5.11,-5.14,-5.16,-5.14,-5.14,-5.14,-5.14,-5.14,-5.14,-5.14,-5.74,-5.74,-5.74,-5.75,-6.57,-6.58,-6.57,-6.58,-6.57,-7.09,-7.09,-7.09,-7.09,-7.07,-7.07,-7.07,-7.12,-7.09,-7.07,-7.09,-7.07,-7.09,-7.07,-7.07,-7.07,-7.07,-7.07,-7.07,-7.07,-7.07,-7.07,-7.07,-8.25,-8.23,-8.51,-8.51,-8.62,-8.62,-8.62,-8.62,-8.62,-8.62,-8.62,-8.62,-8.64,-8.62,-8.62,-8.76,-8.67,-8.76,-8.87,-8.89,-8.89,-8.87,-8.89,-8.89
-4.73,-4.73,-4.74,-4.73,-4.73,-4.73,-4.73,-4.77,-4.73,-4.73,-4.73,-4.73,-4.73,-4.73,-4.73,-4.73,-4.73,-4.73,-4.73,-4.73,-4.73,-5.16,-5.14,-5.11,-5.16,-5.11,-5.11,-5.12,-5.16,-5.16,-5.16,-5.16,-5.16,-5.74,-5.75,-5.75,-5.74,-5.75,-5.75,-5.75,-5.75,-5.75,-5.75,-5.74,-5.75,-6.58,-6.58,-6.57,-6.57,-6.57,-6.57,-6.57,-6.57,-6.53,-6.58,-7.09,-7.07,-7.09,-7.07,-7.07,-7.07,-7.07,-7.09,-7.07,-7.07,-7.52,-7.52,-7.52,-7.52,-7.52,-7.94,-7.94,-7.94,-7.94,-8.25
-4.73,-4.73,-4.73,-4.73,-4.73,-4.74,-4.73,-4.73,-4.73,-4.73,-4.73,-4.73,-4.73,-4.73,-4.74,-4.74,-4.74,-4.74,-4.74,-4.73,-4.73,-4.73,-5.14,-5.14,-5.16,-5.14,-5.16,-5.16,-5.16,-5.16,-5.16,-5.75,-5.75,-5.75,-5.75,-5.71,-5.9,-5.94,-5.93,-5.91,-6.13,-6.13,-6.13,-6.01,-6.13,-6.13,-6.47,-6.48,-6.48,-6.84,-6.83,-6.83,-6.83,-6.79,-6.83,-6.83,-7.07,-7.09,-7.39,-7.41,-7.41,-7.41,-7.41,-7.41,-7.64,-7.64,-7.99,-8,-8,-8.2,-8.2,-4.82,-4.82,-8.44,-8.44
-4.74,-4.74,-4.74,-4.74,-4.74,-4.74,-4.74,-4.74,-4.73,-4.73,-4.74,-4.73,-4.73,-4.73,-4.73,-4.74,-4.73,-5.74,-5.75,-5.74,-5.74,-5.74,-5.74,-5.74,-5.74,-6.58,-6.58,-6.58,-6.58,-6.58,-6.58,-6.57,-6.58,-6.58,-6.83,-6.83,-6.93,-6.93,-6.92,-6.93,-7.09,-7.09,-7.09,-7.07,-7.07,-7.05,-7.07,-7.07,-7,-7.04,-7.09,-7.09,-7.07,-7.07,-7.39,-7.39,-7.39,-7.41,-7.39,-7.41,-7.41,-7.57,-7.58,-7.58,-7.58,-7.58,-7.55,-7.92,-7.94,-7.94,-8.13,-8.13,-8.13,-8.13,-8.25
-4.73,-4.74,-4.74,-4.74,-4.74,-4.73,-4.73,-4.74,-4.73,-4.74,-4.74,-4.74,-4.73,-4.73,-4.73,-4.72,-4.73,-4.73,-4.73,-4.73,-4.73,-4.73,-4.73,-4.73,-4.74,-4.74,-4.74,-6.58,-6.58,-6.57,-6.58,-6.58,-6.58,-6.58,-6.58,-6.58,-6.58,-6.58,-7.35,-7.35,-7.35,-7.35,-7.35,-7.35,-7.35,-7.35,-7.36,-7.64,-7.64,-7.64,-7.64,-7.64,-7.64,-7.64,-7.64,-7.65,-7.64,-7.64,-7.94,-7.95,-7.94,-7.94,-7.94,-7.95,-7.95,-7.95,-7.94,-7.95,-7.95,-7.95,-7.95,-8.25,-8.25,-8.25,-8.25
-4.69,-4.69,-4.69,-4.69,-4.69,-4.73,-4.73,-4.74,-4.73,-4.74,-4.74,-4.74,-4.74,-4.74,-4.74,-4.74,-4.74,-5.75,-5.75,-5.75,-5.75,-5.76,-5.76,-5.75,-5.76,-5.76,-5.75,-5.75,-5.76,-5.75,-5.76,-5.76,-5.76,-6.59,-6.58,-6.58,-6.58,-6.83,-6.83,-6.84,-6.83,-6.83,-6.83,-7.04,-7.09,-7.09,-7.09,-7.09,-7.09,-7.09,-7.09,-7.09,-7.09,-7.64,-7.64,-7.64,-7.64,-7.64,-7.65,-7.65,-7.65,-8.13,-8.13,-8.13,-8.14,-8.13,-8.25,-8.25,-8.44,-8.44,-8.42,-8.42,-8.44,-8.42,-8.42
-4.68,-5.11,-5.14,-5.14,-5.16,-5.14,-5.16,-5.16,-5.16,-5.16,-5.16,-5.16,-5.17,-5.17,-5.17,-5.17,-5.17,-5.17,-5.16,-5.17,-5.17,-6.13,-6.14,-6.13,-6.14,-6.13,-6.13,-6.13,-7.09,-7.09,-7.09,-7.09,-7.09,-7.09,-7.09,-7.09,-7.47,-7.48,-7.47,-7.58,-7.58,-7.58,-7.58,-7.58,-7.58,-7.58,-7.95,-7.95,-7.94,-7.95,-7.94,-7.94,-8.13,-8.04,-8.13,-8.14,-8.13,-8.13,-8.13,-8.13,-8.14,-8.13,-8.13,-8.13,-8.13,-8.13,-8.51,-8.51,-8.51,-8.5,-8.51,-8.51,-8.5,-8.5,-8.5
-4.74,-4.73,-4.69,-4.69,-4.69,-5.11,-5.11,-5.16,-5.12,-5.75,-5.75,-5.75,-5.75,-5.75,-5.75,-5.75,-5.75,-5.75,-5.71,-5.71,-5.71,-5.71,-5.75,-5.76,-5.75,-5.75,-5.75,-5.75,-5.75,-5.75,-5.75,-7.09,-7.09,-7.07,-7.09,-7.09,-7.07,-7.04,-7.04,-7.04,-7.05,-7.04,-7.41,-7.41,-7.58,-7.58,-7.58,-7.58,-7.58,-7.6,-7.6,-7.94,-7.95,-7.95,-7.95,-8.13,-8.13,-8.13,-8.14,-8.13,-8.13,-8.25,-8.25,-8.25,-8.25,-8.25,-8.21,-8.25,-8.26,-8.51,-8.51,-8.51,-8.71,-8.71,-8.71
-4.7,-4.69,-4.7,-5.41,-5.43,-5.43,-5.43,-5.43,-5.43,-5.43,-5.43,-5.43,-5.43,-5.43,-5.43,-5.43,-5.43,-5.43,-5.43,-5.43,-5.43,-6.13,-6.14,-6.14,-6.14,-6.13,-6.13,-6.13,-6.13,-6.13,-6.13,-6.13,-6.13,-6.13,-6.58,-6.58,-6.58,-6.59,-6.59,-6.58,-6.58,-6.58,-6.58,-6.58,-6.58,-6.83,-6.83,-6.83,-6.83,-6.83,-6.83,-6.83,-6.83,-6.83,-6.84,-7.1,-7.1,-7.09,-7.09,-7.09,-7.09,-7.09,-7.09,-7.09,-7.09,-7.09,-7.09,-7.07,-7.09,-7.64,-7.64,-7.64,-7.65,-7.64,-7.64
-4.7,-4.7,-4.7,-4.72,-4.7,-4.7,-4.7,-4.7,-4.7,-5.13,-5.13,-5.12,-5.12,-5.25,-5.25,-5.25,-5.25,-5.33,-5.34,-5.34,-5.39,-5.39,-5.39,-5.39,-5.39,-5.39,-5.39,-5.55,-5.53,-5.55,-5.55,-5.55,-5.55,-5.71,-5.7,-5.71,-5.71,-5.71,-5.7,-5.71,-5.71,-5.94,-5.94,-5.97,-5.99,-5.97,-5.99,-5.97,-5.97,-5.99,-5.71,-5.71,-5.94,-5.94,-5.97,-5.99,-5.97,-5.99,-7.06,-7.06,-7.06,-7.06,-7.06,-7.06,-7.06,-7.06,-7.05,-7.06,-7.06,-7.06,-7.05,-7.63,-7.63,-7.8,-7.8
